-- phpMyAdmin SQL Dump
-- version 4.6.5.2
-- https://www.phpmyadmin.net/
--
-- Host: 127.0.0.1
-- Generation Time: May 31, 2017 at 10:51 AM
-- Server version: 10.1.21-MariaDB
-- PHP Version: 7.1.1

SET SQL_MODE = "NO_AUTO_VALUE_ON_ZERO";
SET time_zone = "+00:00";


/*!40101 SET @OLD_CHARACTER_SET_CLIENT=@@CHARACTER_SET_CLIENT */;
/*!40101 SET @OLD_CHARACTER_SET_RESULTS=@@CHARACTER_SET_RESULTS */;
/*!40101 SET @OLD_COLLATION_CONNECTION=@@COLLATION_CONNECTION */;
/*!40101 SET NAMES utf8mb4 */;

--
-- Database: `songkhla_rea`
--

-- --------------------------------------------------------

--
-- Table structure for table `properties`
--

CREATE TABLE `properties` (
  `prop_id` int(11) NOT NULL,
  `prop_name` varchar(100) COLLATE utf8_unicode_ci NOT NULL,
  `prop_address_no` varchar(25) COLLATE utf8_unicode_ci NOT NULL,
  `prop_address_moo` varchar(10) COLLATE utf8_unicode_ci NOT NULL,
  `prop_address_road` varchar(100) COLLATE utf8_unicode_ci NOT NULL,
  `prop_address_subdistrict` varchar(100) COLLATE utf8_unicode_ci NOT NULL,
  `prop_address_district` varchar(100) COLLATE utf8_unicode_ci NOT NULL,
  `prop_municipal_id` int(11) NOT NULL,
  `prop_phone_no` varchar(30) COLLATE utf8_unicode_ci NOT NULL,
  `prop_email` varchar(50) COLLATE utf8_unicode_ci NOT NULL,
  `prop_lat` varchar(20) COLLATE utf8_unicode_ci NOT NULL,
  `prop_long` varchar(20) COLLATE utf8_unicode_ci NOT NULL,
  `prop_size1` decimal(10,0) NOT NULL,
  `prop_size2` decimal(10,0) NOT NULL,
  `prop_size3` decimal(10,0) NOT NULL,
  `prop_regist_no` varchar(30) COLLATE utf8_unicode_ci NOT NULL,
  `prop_owner_name` varchar(100) COLLATE utf8_unicode_ci NOT NULL,
  `prop_membership` tinyint(1) NOT NULL,
  `prop_corporation` varchar(100) COLLATE utf8_unicode_ci NOT NULL,
  `prop_started_date` date NOT NULL,
  `prop_contact_person` varchar(100) COLLATE utf8_unicode_ci NOT NULL,
  `prop_website` varchar(100) COLLATE utf8_unicode_ci NOT NULL,
  `prop_detail_link` varchar(50) COLLATE utf8_unicode_ci NOT NULL,
  `prop_thumbnail_img` varchar(50) COLLATE utf8_unicode_ci NOT NULL,
  `prop_icon_type` varchar(50) COLLATE utf8_unicode_ci NOT NULL,
  `prop_status` tinyint(1) NOT NULL DEFAULT '1',
  `prop_created_date` date NOT NULL,
  `prop_updated_date` date NOT NULL
) ENGINE=InnoDB DEFAULT CHARSET=utf8 COLLATE=utf8_unicode_ci;

--
-- Dumping data for table `properties`
--

INSERT INTO `properties` (`prop_id`, `prop_name`, `prop_address_no`, `prop_address_moo`, `prop_address_road`, `prop_address_subdistrict`, `prop_address_district`, `prop_municipal_id`, `prop_phone_no`, `prop_email`, `prop_lat`, `prop_long`, `prop_size1`, `prop_size2`, `prop_size3`, `prop_regist_no`, `prop_owner_name`, `prop_membership`, `prop_corporation`, `prop_started_date`, `prop_contact_person`, `prop_website`, `prop_detail_link`, `prop_thumbnail_img`, `prop_icon_type`, `prop_status`, `prop_created_date`, `prop_updated_date`) VALUES
(1, 'à¸›à¸´à¸¢à¸°à¸—à¸£à¸±à¸žà¸¢à¹Œ à¸šà¹‰à¸²à¸™à¹„à¸£à¹ˆ', '88/5', '8', 'à¸šà¹‰à¸²à¸™à¹„à¸£à¹ˆ-à¸—à¸¸à¹ˆà¸‡à¸‚à¸¡à¸´à¹‰à¸™', 'à¸šà¹‰à¸²à¸™à¸žà¸£à¸¸', 'à¸«à¸²à¸”à¹ƒà¸«à¸à¹ˆ', 4, '0815998653', 'pookhingkant@gmail.com', '6.896111', '100.476111', '0', '0', '0', '', '', 0, '', '0000-00-00', 'à¸„à¸¸à¸“à¸—à¸£à¸‡à¸˜à¸£à¸£à¸¡ à¹€à¸£à¸‚à¸²à¸ªà¸¸à¸§à¸£à¸£à¸“', '', 'properties-detail.php', 'assets/img/properties/property-sample.jpg', 'assets/img/property-types/single-family.png', 1, '2017-05-20', '2017-05-30'),
(2, 'à¸®à¸²à¸£à¹Œà¹‚à¸¡à¸™à¸µà¸šà¸´à¸‹', '', '', '', 'à¸šà¹‰à¸²à¸™à¸žà¸£à¸¸', 'à¸«à¸²à¸”à¹ƒà¸«à¸à¹ˆ', 4, '0887929825', '', '6.966122', '100.475611', '0', '0', '0', '', '', 0, '', '0000-00-00', '', '', 'properties-detail.php', 'assets/img/properties/property-sample.jpg', 'assets/img/property-types/single-family.png', 1, '2017-05-20', '2017-05-26'),
(3, 'à¸®à¸²à¸£à¹Œà¹‚à¸¡à¸™à¸µà¸§à¸´à¸¥à¸¥à¹Œ 1', '', '', '', 'à¸šà¹‰à¸²à¸™à¸žà¸£à¸¸', 'à¸«à¸²à¸”à¹ƒà¸«à¸à¹ˆ', 4, '074216178', 'nattaao.555@hotmail.com', '6.963813', '100.475182', '13', '0', '0', '', 'à¸™à¸²à¸¢à¸­à¸™à¸¸à¸Šà¸´à¸• à¸à¸´à¸ˆà¸˜à¸²à¸£à¸—à¸­à¸‡, à¸™à¸²à¸¢à¸Šà¸¢à¸²à¸™à¸™à¸—à¹Œ à¸§à¸´à¸µà¸¢', 1, 'à¸®à¸²à¸£à¹Œà¹‚à¸¡à¸™à¸µà¹ˆà¸§à¸´à¸¥à¸¥à¹Œ 1', '2011-10-25', 'à¸ªà¸¸à¸˜à¸²à¸§à¸µ à¹€à¸žà¹‡à¸Šà¸£à¹€à¸à¸¥à¸µà¹‰à¸¢à¸‡', 'http://www.honestyhouse.com', 'properties-detail.php', 'assets/img/properties/property-sample.jpg', 'assets/img/property-types/single-family.png', 1, '2017-05-20', '2017-05-30'),
(4, 'à¸®à¸²à¸£à¹Œà¹‚à¸¡à¸™à¸µà¸§à¸´à¸¥à¸¥à¹Œ 3', '', '', 'à¸šà¹‰à¸²à¸™à¹‚à¸›à¹Šà¸°à¸«à¸¡à¸­', 'à¸šà¹‰à¸²à¸™à¸žà¸£à¸¸', 'à¸«à¸²à¸”à¹ƒà¸«à¸à¹ˆ', 4, '0887929825', '', '6.932496', '100.469295', '0', '0', '0', '', '', 0, '', '0000-00-00', '', '', 'properties-detail.php', 'assets/img/properties/property-sample.jpg', 'assets/img/property-types/single-family.png', 1, '2017-05-20', '2017-05-26'),
(5, 'à¸‰à¸±à¸•à¸£à¸—à¸­à¸‡à¸žà¸²à¸§à¸´à¸¥à¹€à¸¥à¸µà¹ˆà¸¢à¸™ 5 à¹€à¸Ÿà¸ª 2', '', '', 'à¹€à¸¢à¸·à¹‰à¸­à¸‡à¸ªà¸™à¸²à¸¡à¸à¸µà¸¬à¸²à¸žà¸£à¸¸à¸„à¹‰à¸²à¸‡à¸„à¸²à¸§', 'à¸šà¹‰à¸²à¸™à¸žà¸£à¸¸', 'à¸«à¸²à¸”à¹ƒà¸«à¸à¹ˆ', 4, '0842662228', 'homjiao@gmail.com', '6.919672', '100.459116', '0', '0', '0', '', '', 0, '', '0000-00-00', '', '', 'properties-detail.php', 'assets/img/properties/property-sample.jpg', 'assets/img/property-types/single-family.png', 1, '2017-05-20', '2017-05-26'),
(6, 'à¸­à¸²à¹€à¸‹à¸µà¸¢à¸™ à¸‹à¸´à¸•à¸µà¹‰ à¸£à¸µà¸ªà¸­à¸£à¹Œà¸—', '', '', 'à¸à¸²à¸à¸ˆà¸™à¸§à¸“à¸´à¸Šà¸¢à¹Œ', 'à¸«à¸²à¸”à¹ƒà¸«à¸à¹ˆ', 'à¸«à¸²à¸”à¹ƒà¸«à¸à¹ˆ', 1, '074801769', 'hatyainakarin@yahoo.com', '6.99421639292247', '100.48569084018823', '0', '0', '0', '', '', 1, '', '0000-00-00', '', 'http://www.hatyainakarin.com', 'properties-detail.php', 'assets/img/properties/property-sample.jpg', 'assets/img/property-types/single-family.png', 1, '2017-05-20', '2017-05-30'),
(7, 'à¹€à¸šà¸à¸ˆà¸žà¸£ à¸„à¸¥à¸­à¸‡à¸«à¸§à¸°', '', '', 'à¸«à¸²à¸”à¹ƒà¸«à¸à¹ˆ-à¸›à¸±à¸•à¸•à¸²à¸™à¸µ', 'à¸„à¸­à¸«à¸‡à¸ªà¹Œ', 'à¸«à¸²à¸”à¹ƒà¸«à¸à¹ˆ', 2, '0862914401', 'vilairut.bj@gmail.com', '6.97265833', '100.48944444', '0', '0', '0', '', '', 1, '', '0000-00-00', 'à¸§à¸´à¹„à¸¥à¸£à¸±à¸•à¸™à¹Œ à¸•à¸£à¸µà¸£à¸±à¸•à¸™à¸à¸´à¸ˆ', 'http://www.bj.co.th', 'properties-detail.php', 'assets/img/properties/property-sample.jpg', 'assets/img/property-types/single-family.png', 1, '2017-05-20', '2017-05-30'),
(8, 'à¸›à¸²à¸¥à¹Œà¸¡à¸ªà¸›à¸£à¸´à¸‡à¸ªà¹Œ 8', '', '', 'à¸„à¸¥à¸­à¸‡à¸¢à¸²à¹€à¸«à¸™à¸·à¸­ 9', 'à¸šà¹‰à¸²à¸™à¸žà¸£à¸¸', 'à¸«à¸²à¸”à¹ƒà¸«à¸à¹ˆ', 4, '0815419507', 'hatyainakarin@yahoo.com', '6.946448', '100.478788', '0', '0', '0', '', '', 0, '', '0000-00-00', '', '', 'properties-detail.php', 'assets/img/properties/property-sample.jpg', 'assets/img/property-types/single-family.png', 1, '2017-05-20', '2017-05-26'),
(9, 'à¸›à¸²à¸¥à¹Œà¸¡à¸ªà¸›à¸£à¸´à¸‡à¸ªà¹Œ 9', '', '', 'à¸à¸²à¸à¸ˆà¸™à¸§à¸“à¸´à¸Šà¸¢à¹Œ', 'à¸šà¹‰à¸²à¸™à¸žà¸£à¸¸', 'à¸«à¸²à¸”à¹ƒà¸«à¸à¹ˆ', 4, '074801761', 'hatyainakarin@yahoo.com', '6.937516', '100.470499', '0', '0', '0', '', '', 0, '', '0000-00-00', '', '', 'properties-detail.php', 'assets/img/properties/property-sample.jpg', 'assets/img/property-types/single-family.png', 1, '2017-05-20', '2017-05-26'),
(10, 'à¸›à¸²à¸¥à¹Œà¸¡à¸ªà¸›à¸£à¸´à¸‡à¸ªà¹Œ 10', '', '', 'à¸žà¸£à¸¸à¸„à¹‰à¸²à¸‡à¸„à¸²à¸§', 'à¸šà¹‰à¸²à¸™à¸žà¸£à¸¸', 'à¸«à¸²à¸”à¹ƒà¸«à¸à¹ˆ', 4, '074800806', 'hatyainakarin@yahoo.com', '6.919888', '100.464337', '0', '0', '0', '', '', 0, '', '0000-00-00', '', '', 'properties-detail.php', 'assets/img/properties/property-sample.jpg', 'assets/img/property-types/single-family.png', 1, '2017-05-20', '2017-05-26'),
(11, 'à¸™à¸µà¹‚à¸­à¸ªà¸¡à¸²à¸£à¹Œà¸— à¸žà¸£à¸¸à¸˜à¸²à¸™à¸µ', '', '', 'à¸šà¹‰à¸²à¸™à¸žà¸£à¸¸à¸˜à¸²à¸™à¸µ', 'à¸šà¹‰à¸²à¸™à¸žà¸£à¸¸', 'à¸«à¸²à¸”à¹ƒà¸«à¸à¹ˆ', 4, '0864983809', 'neosmartproperty@hotmail.com', '6.939991', '100.46805', '0', '0', '0', '', '', 0, '', '0000-00-00', '', '', 'properties-detail.php', 'assets/img/properties/property-sample.jpg', 'assets/img/property-types/single-family.png', 1, '2017-05-20', '2017-05-22'),
(12, 'à¸™à¸µà¹‚à¸­à¸ªà¸¡à¸²à¸£à¹Œà¸— à¸šà¹‰à¸²à¸™à¸žà¸£à¸¸', '', '', 'à¸à¸²à¸à¸ˆà¸™à¸§à¸“à¸´à¸Šà¸¢à¹Œ', 'à¸šà¹‰à¸²à¸™à¸žà¸£à¸¸', 'à¸«à¸²à¸”à¹ƒà¸«à¸à¹ˆ', 4, '0805454999', 'neosmartproperty@hotmail.com', '6.9369332', '100.4683856', '0', '0', '0', '', '', 0, '', '0000-00-00', '', '', 'properties-detail.php', 'assets/img/properties/property-sample.jpg', 'assets/img/property-types/single-family.png', 1, '2017-05-20', '2017-05-22'),
(13, 'à¸™à¸µà¹‚à¸­à¸ªà¸¡à¸²à¸£à¹Œà¸— à¸„à¸¥à¸­à¸‡à¸«à¸§à¸°', '', '', 'à¸­à¸´à¸ªà¸£à¸ à¸²à¸ž 2', 'à¸„à¸­à¸«à¸‡à¸ªà¹Œ', 'à¸«à¸²à¸”à¹ƒà¸«à¸à¹ˆ', 2, '0805454999', 'neosmartproperty@hotmail.com', '6.972639', '100.474699', '0', '0', '0', '', '', 0, '', '0000-00-00', '', '', 'properties-detail.php', 'assets/img/properties/property-sample.jpg', 'assets/img/property-types/single-family.png', 1, '2017-05-20', '2017-05-22'),
(14, 'à¸™à¸µà¹‚à¸­à¸ªà¸¡à¸²à¸£à¹Œà¸— à¸šà¸´à¹Šà¸à¸‹à¸µà¹€à¸­à¹Šà¸à¸‹à¹Œà¸•à¸£à¹‰à¸²', 'à¸‹à¸­à¸¢ à¸—à¸¸à¹ˆà¸‡à¸£', '1', '', 'à¸„à¸­à¸«à¸‡à¸ªà¹Œ', 'à¸«à¸²à¸”à¹ƒà¸«à¸à¹ˆ', 2, '0805454888', 'neosmartproperty@hotmail.com', '7.031108', '100.486528', '0', '0', '0', '', '', 0, '', '0000-00-00', '', '', 'properties-detail.php', 'assets/img/properties/property-sample.jpg', 'assets/img/property-types/single-family.png', 1, '2017-05-20', '2017-05-30'),
(15, 'à¸”à¸´ à¹à¸­à¸—à¸£à¸´à¸šà¸´à¸§', '64/141', '', 'à¸à¸²à¸à¸ˆà¸™à¸§à¸“à¸´à¸Šà¸¢à¹Œ', 'à¸„à¸­à¸«à¸‡à¸ªà¹Œ', 'à¸«à¸²à¸”à¹ƒà¸«à¸à¹ˆ', 2, '0619941444', 'joystobejoy@gmail.com', '7.03500000', '100.50027778', '4', '0', '0', '', 'à¸„à¸¸à¸“à¸“à¸™à¸¥à¸“à¸µà¸¢à¹Œ à¸ˆà¸±à¸‡à¸¨à¸´à¸£à¸´à¸§à¸±à¸’à¸™à¸˜à¸³à¸£à¸‡', 1, 'à¸šà¸¸à¸à¸Šà¹ˆà¸§à¸¢ à¸ˆà¸±à¸‡à¸¨à¸´à¸£à¸´à¸§à¸±à¸’à¸™à¸˜à¸³à¸£à¸‡', '2013-01-01', 'à¸„à¸¸à¸“à¸“à¸™à¸¥à¸“à¸µà¸¢à¹Œ à¸ˆà¸±à¸‡à¸¨à¸´à¸£à¸´à¸§à¸±à¸’à¸™à¸˜à¸³à¸£à¸‡', 'http://www.the-attribute.com', 'properties-detail.php', 'assets/img/properties/property-sample.jpg', 'assets/img/property-types/single-family.png', 1, '2017-05-21', '2017-05-30'),
(16, 'à¸”à¸´ à¹‚à¸­à¸—à¸²à¸§à¸™à¹Œ', '', '', 'à¸à¸²à¸à¸ˆà¸™à¸§à¸“à¸´à¸Šà¸¢à¹Œ', 'à¸šà¹‰à¸²à¸™à¸žà¸£à¸¸', 'à¸«à¸²à¸”à¹ƒà¸«à¸à¹ˆ', 4, '0817662745', 'tanawat.poonsin@gmail.com', '6.928393', '100.468630', '0', '0', '0', '', 'à¸™à¸²à¸¢à¸˜à¸™à¸§à¸±à¸•à¸™à¹Œ à¸žà¸¹à¸™à¸¨à¸´à¸¥à¸›à¹Œ', 1, 'à¸šà¸£à¸´à¸©à¸±à¸— à¸­à¸­à¸à¸‹à¸´à¹€à¸ˆà¸™à¹€à¸£à¸µà¸¢à¸¥à¹€à¸­à¸ªà¹€à¸•à¸— à¸ˆà¸³à¸à¸±à¸”', '2015-06-01', 'à¸™à¸²à¸¢à¸˜à¸™à¸§à¸±à¸•à¸™à¹Œ à¸žà¸¹à¸™à¸¨à¸´à¸¥à¸›à¹Œ', 'http://www.oxygen.co.th', 'properties-detail.php', 'assets/img/properties/property-sample.jpg', 'assets/img/property-types/single-family.png', 1, '2017-05-21', '2017-05-30'),
(17, 'à¸§à¸´à¸£à¸²à¸à¸£', '269', '', 'à¸šà¹‰à¸²à¸™à¸žà¸£à¸¸à¸˜à¸²à¸™à¸µ', 'à¸šà¹‰à¸²à¸™à¸žà¸£à¸¸', 'à¸«à¸²à¸”à¹ƒà¸«à¸à¹ˆ', 4, '0936197828', '', '6.934608', '100.454071', '0', '0', '0', '', 'à¸„à¸¸à¸“à¸à¸”à¸²à¸žà¸±à¸Šà¸£ à¸Šà¸´à¸™à¸à¸£à¸°à¸ˆà¹ˆà¸²à¸‡à¸à¸´à¸ˆ', 0, 'à¸šà¹‰à¸²à¸™à¸ªà¸§à¸™à¸§à¸±à¸‡à¸™à¸™à¸—à¹Œ', '2016-08-01', 'à¸„à¸¸à¸“à¸à¸”à¸²à¸žà¸±à¸Šà¸£ à¸Šà¸´à¸™à¸à¸£à¸°à¸ˆà¹ˆà¸²à¸‡à¸à¸´à¸ˆ', 'https://www.facebook.com/pages/à¹‚à¸„à¸£à¸‡à¸à¸²à¸£à¸šà¹‰à¸²à¸™à¸ªà¸§à¸™à¸§à¸±à¸‡à¸™à¸™', 'properties-detail.php', 'assets/img/properties/property-sample.jpg', 'assets/img/property-types/single-family.png', 1, '2017-05-21', '2017-05-30'),
(18, 'à¸§à¸´à¸£à¸²à¸à¸£ à¸„à¸¥à¸²à¸ªà¸ªà¸´à¸„', '70', '', 'à¹€à¸­à¹€à¸Šà¸µà¸¢', 'à¸šà¹‰à¸²à¸™à¸žà¸£à¸¸', 'à¸«à¸²à¸”à¹ƒà¸«à¸à¹ˆ', 4, '0862904078', '', '6.972065', '100.487543', '0', '0', '0', '', 'à¸„à¸‡à¸¡à¸±à¹ˆà¸™à¸à¸²à¸£à¸Šà¹ˆà¸²à¸¢', 0, 'à¸™à¸´à¸•à¸´à¸šà¸¸à¸„à¸„à¸¥à¸«à¸¡à¸¹à¹ˆà¸šà¹‰à¸²à¸™à¸ˆà¸±à¸”à¸ªà¸£à¸£ \"à¸§à¸´à¸£à¸²à¸à¸£à¸„à¸¥à¸²à¸', '2013-01-01', 'à¸žà¸±à¸™à¸•à¸£à¸µ à¹€à¸à¸£à¸µà¸¢à¸‡à¸¨à¸±à¸à¸”à¸´à¹Œ à¸„à¸‡à¹€à¸•à¹‡à¸¡', '', 'properties-detail.php', 'assets/img/properties/property-sample.jpg', 'assets/img/property-types/single-family.png', 1, '2017-05-22', '2017-05-30'),
(19, 'à¸”à¸´ à¸­à¸­à¸à¸‹à¸´à¹€à¸ˆà¸™', '27', '', 'à¸à¸²à¸à¸ˆà¸™à¸§à¸“à¸´à¸Šà¸¢à¹Œ', 'à¸„à¸­à¸«à¸‡à¸ªà¹Œ', 'à¸«à¸²à¸”à¹ƒà¸«à¸à¹ˆ', 2, '0817662745', 'tanawat.poonsin@gmail.com', '6.989862', '100.492297', '4', '0', '0', '', 'à¸™à¸²à¸¢à¸˜à¸™à¸§à¸±à¸’à¸™à¹Œ à¸žà¸¹à¸™à¸¨à¸´à¸¥à¸›à¹Œ', 1, 'à¸šà¸£à¸´à¸©à¸±à¸— à¸­à¸­à¸à¸‹à¸´à¹€à¸ˆà¸™à¹€à¸£à¸µà¸¢à¸¥à¹€à¸­à¸ªà¹€à¸•à¸— à¸ˆà¸³à¸à¸±à¸”', '2014-01-01', 'à¸™à¸²à¸¢à¸˜à¸™à¸§à¸±à¸’à¸™à¹Œ à¸žà¸¹à¸™à¸¨à¸´à¸¥à¸›à¹Œ', 'http://www.oxygen.co.th', 'properties-detail.php', 'assets/img/properties/property-sample.jpg', 'assets/img/property-types/single-family.png', 1, '2017-05-22', '2017-05-30'),
(20, 'à¸šà¹‰à¸²à¸™à¸Šà¸¡à¸à¸£à¸µà¸™à¸§à¸´à¸§', '', '', 'à¸šà¹‰à¸²à¸™à¸žà¸£à¸¸à¸˜à¸²à¸™à¸µ', 'à¸šà¹‰à¸²à¸™à¸žà¸£à¸¸', 'à¸«à¸²à¸”à¹ƒà¸«à¸à¹ˆ', 4, '0945965454', 'baanchomgreenview@gmail.com', '6.935882', '100.455796', '0', '0', '0', '', '', 0, '', '0000-00-00', '', '', 'properties-detail.php', 'assets/img/properties/property-sample.jpg', 'assets/img/property-types/single-family.png', 1, '2017-05-22', '2017-05-26'),
(21, 'à¸žà¸¤à¸à¸©à¸²à¸§à¸´à¸¥à¸¥à¹Œ 3', '', '', 'à¸šà¹‰à¸²à¸™à¸žà¸£à¸¸à¸˜à¸²à¸™à¸µ', 'à¸šà¹‰à¸²à¸™à¸žà¸£à¸¸', 'à¸«à¸²à¸”à¹ƒà¸«à¸à¹ˆ', 4, '0817662745', 'tanawat.poonsin@gmail.com', '6.933924', '100.448861', '25', '2', '11', '', 'à¸™à¸²à¸¢à¸˜à¸™à¸§à¸±à¸•à¸™à¹Œ à¸žà¸¹à¸™à¸¨à¸´à¸¥à¸›à¹Œ', 1, 'à¸šà¸£à¸´à¸©à¸±à¸— à¸­à¸­à¸à¸‹à¸´à¹€à¸ˆà¸™à¹€à¸£à¸µà¸¢à¸¥à¹€à¸­à¸ªà¹€à¸•à¸— à¸ˆà¸³à¸à¸±à¸”', '2016-08-01', 'à¸™à¸²à¸¢à¸˜à¸™à¸§à¸±à¸•à¸™à¹Œ à¸žà¸¹à¸™à¸¨à¸´à¸¥à¸›à¹Œ', 'http://www.oxygen.co.th', 'properties-detail.php', 'assets/img/properties/property-sample.jpg', 'assets/img/property-types/single-family.png', 1, '2017-05-22', '2017-05-30'),
(22, 'à¸žà¸£à¸²à¸§à¸§à¸´à¸¥à¹€à¸¥à¸ˆ à¸šà¹‰à¸²à¸™à¸žà¸£à¸¸', '', '', '', 'à¸šà¹‰à¸²à¸™à¸žà¸£à¸¸', 'à¸«à¸²à¸”à¹ƒà¸«à¸à¹ˆ', 4, '0910456556', 'proudvillage45@gmail.com', '6.960466', '100.465812', '0', '0', '0', '', '', 1, '', '0000-00-00', 'à¸™à¸ž.à¸˜à¸µà¸£à¸ à¸²à¸ž à¸¥à¸´à¹ˆà¸§à¸¥à¸±à¸à¸©à¸“à¹Œ', 'http://www.proudvillage.com', 'properties-detail.php', 'assets/img/properties/property-sample.jpg', 'assets/img/property-types/single-family.png', 1, '2017-05-22', '2017-05-30'),
(23, 'à¸šà¹‰à¸²à¸™à¹à¸à¸”à¹€à¸žà¸Šà¸£à¹„à¸žà¸¥à¸´à¸™', '', '7', 'à¸«à¸²à¸”à¹ƒà¸«à¸à¹ˆ-à¸ˆà¸°à¸™à¸°', 'à¸„à¸­à¸«à¸‡à¸ªà¹Œ', 'à¸«à¸²à¸”à¹ƒà¸«à¸à¹ˆ', 2, '0868996363', 'wapiraya.ppl@gmail.com', '6.96944444', '100.49916667', '0', '0', '0', '', '', 1, '', '2015-06-01', 'à¸­à¸žà¸´à¸£à¸à¸²à¸“à¹Œ à¹€à¸­à¹‰à¸­à¹‚à¸­à¸šà¸­à¹‰à¸­à¸¡', 'http://www.facebook.com/petchpailin2015', 'properties-detail.php', 'assets/img/properties/property-sample.jpg', 'assets/img/property-types/single-family.png', 1, '2017-05-22', '2017-05-30'),
(24, 'à¹€à¸”à¸­à¸° à¸„à¸²à¹à¸™à¸¥à¸§à¸´à¸¥à¹€à¸¥à¸ˆ', '', '7', 'à¸«à¸²à¸”à¹ƒà¸«à¸à¹ˆ-à¸ˆà¸°à¸™à¸°', 'à¸„à¸­à¸«à¸‡à¸ªà¹Œ', 'à¸«à¸²à¸”à¹ƒà¸«à¸à¹ˆ', 2, '0868996363', 'wapiraya.ppl@gmail.com', '6.96805556', '100.50305556', '0', '0', '0', '', '', 0, '', '0000-00-00', '', '', 'properties-detail.php', 'assets/img/properties/property-sample.jpg', 'assets/img/property-types/single-family.png', 1, '2017-05-22', '0000-00-00'),
(25, 'à¸”à¸µà¸„à¸­à¸™à¹‚à¸” à¸à¸²à¸à¸ˆà¸™à¸§à¸™à¸´à¸Šà¸¢à¹Œ', '9', '', 'à¸à¸²à¸à¸ˆà¸™à¸§à¸“à¸´à¸Šà¸¢à¹Œ', 'à¸„à¸­à¸«à¸‡à¸ªà¹Œ', 'à¸«à¸²à¸”à¹ƒà¸«à¸à¹ˆ', 2, '', '', '6.97944444', '100.48444444', '0', '0', '0', '', '', 0, '', '0000-00-00', '', '', 'properties-detail.php', 'assets/img/properties/property-sample.jpg', 'assets/img/property-types/single-family.png', 0, '2017-05-22', '2017-05-30'),
(26, 'à¸à¸£à¸µà¸™à¹€à¸žà¸¥à¸ª-à¸šà¹‰à¸²à¸™à¸žà¸£à¸¸', '93', '', 'à¸à¸²à¸à¸ˆà¸™à¸§à¸“à¸´à¸Šà¸¢à¹Œ', 'à¸šà¹‰à¸²à¸™à¸žà¸£à¸¸', 'à¸«à¸²à¸”à¹ƒà¸«à¸à¹ˆ', 4, '0817387272', 'greenplace1@hotmail.com', '6.964492', '100.477096', '33', '0', '0', '10/2555', '', 1, '', '0000-00-00', 'à¸„à¸¸à¸“à¸ªà¸à¸¸à¸“à¸µ à¸—à¸­à¸‡à¸¡à¸²à¸•à¸£à¹Œ', 'http://www.ssn-greenplace.com', 'properties-detail.php', 'assets/img/properties/property-sample.jpg', 'assets/img/property-types/single-family.png', 1, '2017-05-22', '2017-05-29'),
(27, 'à¸ªà¸´à¸£à¸´à¸ªà¸±à¸¡à¸žà¸±à¸™à¸˜à¹Œ', '', '', 'à¸šà¹‰à¸²à¸™à¹‚à¸›à¹Šà¸°à¸«à¸¡à¸­', 'à¸šà¹‰à¸²à¸™à¸žà¸£à¸¸', 'à¸«à¸²à¸”à¹ƒà¸«à¸à¹ˆ', 4, '0861139828', '', '6.943817', '100.471103', '0', '0', '0', '', '', 0, '', '0000-00-00', 'à¸„à¸¸à¸“à¸¢à¸¸à¸žà¸´à¸™ à¹€à¸£à¸·à¸­à¸‡à¹€à¸à¸µà¸¢à¸£à¸•à¸´', '', 'properties-detail.php', 'assets/img/properties/prop_id_27.jpg', 'assets/img/property-types/single-family.png', 1, '2017-05-22', '2017-05-30'),
(28, 'The Patio Village', '', '', 'à¸à¸²à¸à¸ˆà¸™à¸§à¸“à¸´à¸Šà¸¢à¹Œ', 'à¸«à¸²à¸”à¹ƒà¸«à¸à¹ˆ', 'à¸«à¸²à¸”à¹ƒà¸«à¸à¹ˆ', 2, '0863172108', 'thepatiovillage@gmail.com', '6.99598', '100.487844', '0', '0', '0', '', '', 0, '', '0000-00-00', '', '', 'properties-detail.php', 'assets/img/properties/property-sample.jpg', 'assets/img/property-types/single-family.png', 1, '2017-05-22', '0000-00-00'),
(29, 'à¸­à¸µà¸‹à¸µà¹‚à¸­ (à¹€à¸”à¸­à¸°à¸à¸£à¸µà¸™ à¸žà¸£à¹‰à¸­à¸žà¹€à¸žà¸­à¸•à¸µà¹‰)', '', '1', 'à¸šà¹‰à¸²à¸™à¸«à¸™à¹‰à¸²à¸„à¸§à¸™-à¸šà¹‰à¸²à¸™à¸žà¸£à¸¸', 'à¸„à¸§à¸™à¸¥à¸±à¸‡', 'à¸«à¸²à¸”à¹ƒà¸«à¸à¹ˆ', 5, '0884922290', 'info@chanchurihatyai.com', '6.97174', '100.4474', '0', '0', '0', '', '', 0, '', '0000-00-00', '', '', 'properties-detail.php', 'assets/img/properties/property-sample.jpg', 'assets/img/property-types/single-family.png', 0, '2017-05-22', '2017-05-22'),
(30, 'à¸šà¹‰à¸²à¸™à¸ªà¸§à¸™à¸§à¸‡à¸©à¹Œà¸—à¸­à¸‡', '665/18', '1', 'à¸à¸²à¸™à¸¸à¸”à¸¡à¸­à¸™à¸¸à¸ªà¸£à¸“à¹Œ', 'à¸„à¸§à¸™à¸¥à¸±à¸‡', 'à¸«à¸²à¸”à¹ƒà¸«à¸à¹ˆ', 5, '', '', '6.97951', '100.44203', '0', '0', '0', '', '', 0, '', '0000-00-00', '', '', 'properties-detail.php', 'assets/img/properties/property-sample.jpg', 'assets/img/property-types/single-family.png', 1, '2017-05-22', '0000-00-00'),
(31, 'à¸šà¹‰à¸²à¸™à¸ªà¸§à¸™à¸§à¸‡à¸©à¹Œà¸—à¸­à¸‡ 2', '665/18', '1', 'à¸à¸²à¸™à¸¸à¸”à¸¡à¸­à¸™à¸¸à¸ªà¸£à¸“à¹Œ', 'à¸„à¸§à¸™à¸¥à¸±à¸‡', 'à¸«à¸²à¸”à¹ƒà¸«à¸à¹ˆ', 5, '', '', '6.9786', '100.44056', '0', '0', '0', '', '', 0, '', '0000-00-00', '', '', 'properties-detail.php', 'assets/img/properties/property-sample.jpg', 'assets/img/property-types/single-family.png', 1, '2017-05-22', '0000-00-00'),
(32, 'à¸šà¹‰à¸²à¸™à¸ªà¸§à¸™à¸§à¸‡à¸©à¹Œà¸—à¸­à¸‡ 3', '665/18', '1', 'à¸à¸²à¸™à¸¸à¸”à¸¡à¸­à¸™à¸¸à¸ªà¸£à¸“à¹Œ', 'à¸„à¸§à¸™à¸¥à¸±à¸‡', 'à¸«à¸²à¸”à¹ƒà¸«à¸à¹ˆ', 5, '', '', '6.97901', '100.44212', '0', '0', '0', '', '', 0, '', '0000-00-00', '', '', 'properties-detail.php', 'assets/img/properties/property-sample.jpg', 'assets/img/property-types/single-family.png', 1, '2017-05-22', '0000-00-00'),
(33, 'à¸§à¸´à¸¥à¸¥à¸²à¸ˆà¸´à¹‚à¸­à¹‰ (Villagio)', '', '', 'à¸¥à¸žà¸šà¸¸à¸£à¸µà¸£à¸²à¹€à¸¡à¸¨à¸§à¸£à¹Œ-à¸ªà¸™à¸²à¸¡à¸šà¸´à¸™', 'à¸„à¸§à¸™à¸¥à¸±à¸‡', 'à¸«à¸²à¸”à¹ƒà¸«à¸à¹ˆ', 5, '0801770299', 'p_kwang33@hotmail.com', '6.98175', '100.42626', '29', '0', '0', '12/2559', 'à¸šà¸£à¸´à¸©à¸±à¸—à¸›à¸¸à¸“à¸“à¸à¸±à¸“à¸‘à¹Œ à¸§à¸±à¸§à¹€à¸¥à¸¢à¹Œ', 1, 'à¸šà¸£à¸´à¸©à¸±à¸— à¸›à¸¸à¸“à¸“à¸à¸±à¸“à¸‘à¹Œ à¸§à¸±à¸¥à¹€à¸¥à¸¢à¹Œ', '2558-11-01', 'à¸„à¸¸à¸“à¸­à¸±à¸‡à¸„à¸“à¸²', 'http://www.poonakanproperty.com/', 'properties-detail.php', 'assets/img/properties/property-sample.jpg', 'assets/img/property-types/single-family.png', 1, '2017-05-22', '2017-05-30'),
(34, 'à¸­à¸ à¸´à¹„à¸žà¸šà¸¹à¸¥à¸¢à¹Œà¸—à¸£à¸±à¸žà¸¢à¹Œ', '1919/33', '6', 'à¸ªà¸™à¸²à¸¡à¸šà¸´à¸™', 'à¸„à¸§à¸™à¸¥à¸±à¸‡', 'à¸«à¸²à¸”à¹ƒà¸«à¸à¹ˆ', 5, '0817669640', 'uqing@hotmail.com', '6.95069', '100.41739', '7', '2', '5', '1/2557', 'à¸™à¸²à¸¢à¸­à¸ à¸´à¸Šà¸µà¸ž à¸žà¸±à¸’à¸™à¹€à¸¥à¸´à¸¨à¹„à¸žà¸šà¸¹à¸¥à¸¢à¹Œ', 1, '-', '2556-05-01', 'à¸™à¸²à¸¢à¸Šà¸¢à¸žà¸¥ à¸¨à¸´à¸£à¸´à¸•à¸£à¸°à¸à¸¹à¸¥', '-', 'properties-detail.php', 'assets/img/properties/property-sample.jpg', 'assets/img/property-types/single-family.png', 1, '2017-05-22', '2017-05-29'),
(35, 'à¹€à¸­à¸­à¸šà¸²à¸™à¹ˆà¸² (Urbana)', '', '', 'à¸ªà¸™à¸²à¸¡à¸šà¸´à¸™', 'à¸„à¸§à¸™à¸¥à¸±à¸‡', 'à¸«à¸²à¸”à¹ƒà¸«à¸à¹ˆ', 5, '0801770299', 'p_kwang33@hotmail.com', '6.95326', '100.41906', '23', '0', '0', '-', 'à¸šà¸£à¸´à¸©à¸±à¸—à¸›à¸¸à¸“à¸“à¸à¸±à¸“à¸‘à¹Œ à¸§à¸±à¸§à¹€à¸¥à¸¢à¹Œ', 1, 'à¸šà¸£à¸´à¸©à¸±à¸—à¸›à¸¸à¸“à¸“à¸à¸±à¸“à¸‘à¹Œ à¸§à¸±à¸§à¹€à¸¥à¸¢à¹Œ', '2556-11-01', 'à¸„à¸¸à¸“à¸­à¸±à¸‡à¸„à¸“à¸²', 'http://www.poonakanproperty.com/', 'properties-detail.php', 'assets/img/properties/property-sample.jpg', 'assets/img/property-types/single-family.png', 1, '2017-05-22', '2017-05-29'),
(36, 'à¸žà¸£à¸£à¸“à¸žà¸¤à¸à¸©à¸²', '1901', '6', 'à¸ªà¸™à¸²à¸¡à¸šà¸´à¸™-à¸¥à¸žà¸šà¸¸à¸£à¸µà¸£à¸²à¹€à¸¡à¸¨à¸§à¸£à¹Œ', 'à¸„à¸§à¸™à¸¥à¸±à¸‡', 'à¸«à¸²à¸”à¹ƒà¸«à¸à¹ˆ', 5, '0864887302', 'sales.phanpraugsa@gmail.com', '6.95216', '100.41859', '0', '0', '0', '-', '-', 1, '-', '0000-00-00', 'à¸›à¸¸à¸“à¸ à¸´à¸Šà¸“à¸±à¸à¸à¹Œ à¸ à¸±à¸—à¸£à¸™à¸´à¸˜à¸´à¹‚à¸ªà¸ à¸“', 'http://www.phanpraugsa.com/', 'properties-detail.php', 'assets/img/properties/property-sample.jpg', 'assets/img/property-types/single-family.png', 1, '2017-05-22', '2017-05-29'),
(37, 'The MUSE', '1216', '2', 'à¹€à¸¥à¸µà¸¢à¸šà¸„à¸¥à¸­à¸‡à¸Šà¸¥à¸›à¸£à¸°à¸—à¸²à¸™', 'à¸„à¸§à¸™à¸¥à¸±à¸‡', 'à¸«à¸²à¸”à¹ƒà¸«à¸à¹ˆ', 5, '0619941444', 'joystobejoy@gmail.com', '6.99345', '100.41235', '14', '0', '0', '-', 'à¸“à¸™à¸¥à¸“à¸µà¸¢à¹Œ à¸ˆà¸±à¸‡à¸ªà¸´à¸£à¸´à¸§à¸±à¸’à¸™à¸˜à¸³à¸£à¸‡', 1, '-', '2557-10-01', 'à¸“à¸™à¸¥à¸“à¸µà¸¢à¹Œ à¸ˆà¸±à¸‡à¸ªà¸´à¸£à¸´à¸§à¸±à¸’à¸™à¸˜à¸³à¸£à¸‡', 'http://www.museis.com', 'properties-detail.php', 'assets/img/properties/property-sample.jpg', 'assets/img/property-types/single-family.png', 1, '2017-05-22', '2017-05-29'),
(38, 'à¸›à¸²à¸¥à¹Œà¸¡à¸ªà¸›à¸£à¸´à¸‡ à¹à¸à¸£à¸™à¸§à¸´à¸¥à¸¥à¹Œ', '', '', 'à¸¥à¸žà¸šà¸¸à¸£à¸µà¸£à¸²à¹€à¸¡à¸¨à¸§à¸£à¹Œ-à¸ªà¸™à¸²à¸¡à¸šà¸´à¸™', 'à¸„à¸§à¸™à¸¥à¸±à¸‡', 'à¸«à¸²à¸”à¹ƒà¸«à¸à¹ˆ', 5, '074552040', 'hatyainakarin@yahoo.com', '6.97079', '100.42979', '0', '0', '0', '', '', 1, '', '0000-00-00', 'à¸™à¸²à¸‡à¸ªà¸²à¸§à¸Šà¹ˆà¸­à¸¥à¸±à¸”à¸”à¸² à¸¨à¸´à¸£à¸´à¸ªà¸±à¸‡à¸‚à¹Œà¸ªà¸¸à¸™à¸—à¸£', 'http://www.hatyainakarin.com', 'properties-detail.php', 'assets/img/properties/property-sample.jpg', 'assets/img/property-types/single-family.png', 1, '2017-05-22', '2017-05-29'),
(39, 'à¸›à¸²à¸¥à¹Œà¸¡à¸ªà¸›à¸£à¸´à¸‡ 7', '', '1', 'à¸Šà¸±à¸¢à¸Šà¸™à¸°à¸ªà¸‡à¸„à¸£à¸²à¸¡', 'à¸„à¸§à¸™à¸¥à¸±à¸‡', 'à¸«à¸²à¸”à¹ƒà¸«à¸à¹ˆ', 5, '074800841', 'hatyainakarin@yahoo.com', '6.9598', '100.42443', '0', '0', '0', '', '', 1, '', '0000-00-00', 'à¸™à¸²à¸¢à¸§à¸´à¸™à¸±à¸¢à¸˜à¸£ à¸„à¸­à¸™à¸§à¸™', 'http://www.hatyainakarin.com', 'properties-detail.php', 'assets/img/properties/property-sample.jpg', 'assets/img/property-types/single-family.png', 1, '2017-05-22', '2017-05-29'),
(40, 'à¸›à¸²à¸¥à¹Œà¸¡à¸ªà¸›à¸£à¸´à¸‡ 11', '', '', 'à¸Šà¸±à¸¢à¸Šà¸™à¸°à¸ªà¸‡à¸„à¸£à¸²à¸¡', 'à¸„à¸§à¸™à¸¥à¸±à¸‡', 'à¸«à¸²à¸”à¹ƒà¸«à¸à¹ˆ', 5, '074801468', 'hatyainakarin@yahoo.com', '6.95718', '100.42615', '0', '0', '0', '', '', 1, '', '0000-00-00', 'à¸™à¸²à¸‡à¸ªà¸²à¸§à¸à¸´à¸•à¸•à¸´à¸¢à¸² à¸„à¸‡à¸Šà¸™à¸°', 'http://www.hatyainakarin.com', 'properties-detail.php', 'assets/img/properties/property-sample.jpg', 'assets/img/property-types/single-family.png', 1, '2017-05-22', '2017-05-29'),
(41, 'à¹à¸à¹‰à¸§à¹„à¸žà¸£à¸´à¸™ 3', '', '', 'à¸«à¸¥à¸±à¸‡à¸à¸­à¸‡à¸šà¸´à¸™ 56', 'à¸„à¸§à¸™à¸¥à¸±à¸‡', 'à¸«à¸²à¸”à¹ƒà¸«à¸à¹ˆ', 5, '074368686', 'jojo_love28@hotmail.com', '6.92172', '100.39453', '0', '0', '0', '-', '-', 1, '-', '0000-00-00', 'à¸™à¸²à¸¢à¸¨à¸£à¸²à¸§à¸¸à¸˜ à¸¡à¹ˆà¸­à¸‡à¹€à¸œà¸·à¸­à¸', '-', 'properties-detail.php', 'assets/img/properties/property-sample.jpg', 'assets/img/property-types/single-family.png', 1, '2017-05-22', '2017-05-29'),
(42, 'Harry', '', '', 'à¹€à¸¥à¸µà¹ˆà¸¢à¸‡à¹€à¸¡à¸·à¸­à¸‡ 43', 'à¸„à¸§à¸™à¸¥à¸±à¸‡', 'à¸«à¸²à¸”à¹ƒà¸«à¸à¹ˆ', 5, '0863179108', 'thepatiovillage@gmail.com', '6.984688', '100.447005', '0', '0', '0', '', '', 0, '', '0000-00-00', '', '', 'properties-detail.php', 'assets/img/properties/property-sample.jpg', 'assets/img/property-types/single-family.png', 1, '2017-05-22', '0000-00-00'),
(43, 'à¸à¸£à¸µà¸™à¹€à¸žà¸¥à¸ª à¸„à¸§à¸™à¸¥à¸±à¸‡', '182', '2', 'à¹€à¸žà¸Šà¸£à¹€à¸à¸©à¸¡', 'à¸„à¸§à¸™à¸¥à¸±à¸‡', 'à¸«à¸²à¸”à¹ƒà¸«à¸à¹ˆ', 5, '0817387272', 'greenplace1@hotmail.com', '6.99432', '100.42399', '5', '1', '91', '', '', 1, '', '2554-06-01', 'à¸™à¸²à¸‡à¸ªà¸à¸¸à¸“à¸µ à¸—à¸­à¸‡à¸¡à¸²à¸•à¸£', 'http://www.ssn-greenplace.com/', 'properties-detail.php', 'assets/img/properties/property-sample.jpg', 'assets/img/property-types/single-family.png', 1, '2017-05-22', '2017-05-29'),
(44, 'à¸šà¹‰à¸²à¸™à¸›à¸£à¸°à¸à¸²à¸¢à¸—à¸­à¸‡à¸§à¸´à¸¥à¸¥à¹Œ', '168', '1', 'à¸žà¸£à¸¸à¸‰à¸´à¸¡à¸žà¸¥à¸µ 2', 'à¸„à¸§à¸™à¸¥à¸±à¸‡', 'à¸«à¸²à¸”à¹ƒà¸«à¸à¹ˆ', 5, '0819595545', 'apisit9559@gmail.com', '6.9987840', '100.4235920', '0', '0', '0', '-', '-', 0, '-', '0000-00-00', 'à¸™à¸²à¸¢à¸­à¸ à¸´à¸ªà¸´à¸—à¸˜à¸´à¹Œ à¸˜à¸™à¸´à¸™à¸—à¸£à¸²à¸™à¸™à¸—à¹Œ', 'http://www.prakytong.com/', 'properties-detail.php', 'assets/img/properties/property-sample.jpg', 'assets/img/property-types/single-family.png', 1, '2017-05-22', '2017-05-29'),
(45, 'à¸™à¸µà¹‚à¸­à¸ªà¸¡à¸²à¸£à¹Œà¸— à¸›à¸¸à¸“à¸“à¸à¸±à¸™à¸•à¹Œ', '', '', 'à¸›à¸¸à¸“à¸“à¸à¸±à¸™à¸•à¹Œ', 'à¸„à¸­à¸«à¸‡à¸ªà¹Œ', 'à¸«à¸²à¸”à¹ƒà¸«à¸à¹ˆ', 2, '0805454888', 'neosmartproperty@hotmail.com', '6.994193387280329', '100.50493715911739', '0', '0', '0', '', '', 0, '', '0000-00-00', '', 'http://www.neosmartproperty.com', 'properties-detail.php', 'assets/img/properties/property-sample.jpg', 'assets/img/property-types/single-family.png', 1, '2017-05-22', '2017-05-29'),
(46, 'à¸ªà¸±à¸™à¸•à¸´à¸šà¸¸à¸£à¸µ à¸¡à¸²à¸ªà¹€à¸•à¸­à¸£à¹Œà¸žà¸µà¸‹', '', '', 'à¸£à¸²à¸©à¸à¸£à¹Œà¸­à¸¸à¸—à¸´à¸¨ 32/1', 'à¸«à¸²à¸”à¹ƒà¸«à¸à¹ˆ', 'à¸«à¸²à¸”à¹ƒà¸«à¸à¹ˆ', 1, '0989133533', '', '7.0228949117725765', '100.45656289085207', '2', '1', '0', '', '', 0, '', '0000-00-00', '', '', 'properties-detail.php', 'assets/img/properties/property-sample.jpg', 'assets/img/property-types/single-family.png', 1, '2017-05-22', '2017-05-29'),
(47, 'à¹€à¸”à¸­à¸°à¸žà¸µà¹‚à¸­à¸™à¸µà¹ˆ à¸„à¸­à¸™à¹‚à¸”à¸¡à¸´à¹€à¸™à¸µà¸¢à¸¡', '131', '', 'à¸§à¸‡à¸¨à¹Œà¸§à¸²à¸™à¸´à¸Š', 'à¸«à¸²à¸”à¹ƒà¸«à¸à¹ˆ', 'à¸«à¸²à¸”à¹ƒà¸«à¸à¹ˆ', 1, '0896551221', 'u-2u@windowslive.com', '7.014413716223235', '100.48874180769917', '0', '0', '0', '', 'à¸šà¸£à¸´à¸©à¸±à¸— à¸£à¸¸à¹ˆà¸‡à¸—à¸´à¸§à¸² à¸„à¸­à¸™à¹‚à¸”à¸¡à¸´à¹€à¸™à¸µà¸¢à¸¡ à¸ˆà¸³à¸à¸±à¸”', 0, 'à¸šà¸£à¸´à¸©à¸±à¸— à¸£à¸¸à¹ˆà¸‡à¸—à¸´à¸§à¸² à¸„à¸­à¸™à¹‚à¸”à¸¡à¸´à¹€à¸™à¸µà¸¢à¸¡ à¸ˆà¸³à¸à¸±à¸”', '2555-11-15', 'à¸ªà¸¡à¸¤à¸—à¸±à¸¢ à¸ˆà¸­à¸¡à¸§à¸´à¹€à¸Šà¸µà¸¢à¸£', 'facebook: baanrungtiva', 'properties-detail.php', 'assets/img/properties/prop_id_47.jpg', 'assets/img/property-types/single-family.png', 1, '2017-05-22', '2017-05-29'),
(48, 'à¸šà¹‰à¸²à¸™à¸™à¸±à¸™à¸—à¸´à¸Šà¸²', '', '5', 'à¸£à¹ˆà¸§à¸¡à¸­à¸¸à¸—à¸´à¸¨', 'à¸„à¸¥à¸­à¸‡à¹à¸«', 'à¸«à¸²à¸”à¹ƒà¸«à¸à¹ˆ', 6, '0815991562', 'au.ag1224@gmail.com', '6.992721036402867', '100.52082537763215', '0', '0', '0', '', '', 0, '', '0000-00-00', '', '', 'properties-detail.php', 'assets/img/properties/property-sample.jpg', 'assets/img/property-types/single-family.png', 1, '2017-05-22', '2017-05-29'),
(49, 'à¹€à¸”à¸­à¸°à¸žà¸²à¸£à¹Œà¸„ à¹€à¸£à¸ªà¸‹à¸´à¹€à¸”à¸™à¸ªà¹Œ à¸„à¸­à¸™à¹‚à¸”à¸¡à¸´à¹€à¸™à¸µà¸¢à¸¡', '', '', 'à¸à¸²à¸à¸ˆà¸™à¸§à¸“à¸´à¸Šà¸¢à¹Œ', 'à¸«à¸²à¸”à¹ƒà¸«à¸à¹ˆ', 'à¸«à¸²à¸”à¹ƒà¸«à¸à¹ˆ', 1, '074459100', 'pat.hatyai@hotmail.com', '7.036562', '100.502199', '0', '0', '0', '', '', 0, '', '0000-00-00', '', '', 'properties-detail.php', 'assets/img/properties/prop_id_49.jpg', 'assets/img/property-types/single-family.png', 1, '2017-05-22', '2017-05-30'),
(50, 'A-Time Condominium', '', '', 'à¸•à¸£à¸‡à¸‚à¹‰à¸²à¸¡ à¸£à¸ž.à¸à¸£à¸¸à¸‡à¹€à¸—à¸žà¸¯', 'à¸«à¸²à¸”à¹ƒà¸«à¸à¹ˆ', 'à¸«à¸²à¸”à¹ƒà¸«à¸à¹ˆ', 1, '0928479199', 'srethongsai@gmail.com', '7.017092', '100.485877', '0', '0', '0', '', '', 0, '', '0000-00-00', '', '', 'properties-detail.php', 'assets/img/properties/property-sample.jpg', 'assets/img/property-types/single-family.png', 1, '2017-05-22', '2017-05-30'),
(51, 'à¹à¸à¹‰à¸§à¹„à¸žà¸£à¸´à¸™ 1', '', '', '', 'à¸«à¸²à¸”à¹ƒà¸«à¸à¹ˆ', 'à¸«à¸²à¸”à¹ƒà¸«à¸à¹ˆ', 1, '0813613611', 'jojo_love28@hotmail.com', '6.9379', '100.3727', '0', '0', '0', '', '', 0, '', '0000-00-00', '', '', 'properties-detail.php', 'assets/img/properties/property-sample.jpg', 'assets/img/property-types/single-family.png', 1, '2017-05-22', '0000-00-00'),
(52, 'The Rise Residence', '11', '', 'à¸›à¸£à¸°à¸Šà¸²à¸¢à¸´à¸™à¸”à¸µ', 'à¸«à¸²à¸”à¹ƒà¸«à¸à¹ˆ', 'à¸«à¸²à¸”à¹ƒà¸«à¸à¹ˆ', 1, '0819599119', '', '7.007122', '100.487897', '0', '0', '0', '', '', 0, '', '0000-00-00', '', '', 'properties-detail.php', 'assets/img/properties/property-sample.jpg', 'assets/img/property-types/single-family.png', 1, '2017-05-22', '2017-05-29'),
(53, 'City Resort Pasawang', '35', '', 'à¸ à¸²à¸ªà¸§à¹ˆà¸²à¸‡ 3', 'à¸«à¸²à¸”à¹ƒà¸«à¸à¹ˆ', 'à¸«à¸²à¸”à¹ƒà¸«à¸à¹ˆ', 1, '074801769', 'hatyainakarin@yahoo.com', '7.0216257', '100.4903709', '0', '0', '0', '', '', 0, '', '0000-00-00', '', '', 'properties-detail.php', 'assets/img/properties/property-sample.jpg', 'assets/img/property-types/single-family.png', 1, '2017-05-22', '2017-05-30'),
(54, 'Commune Hatyai', 'à¸‹à¸­à¸¢ à¸ˆà¸±à¸™à¸—à¸£', '', 'à¸™à¸§à¸¥à¹à¸à¹‰à¸§', 'à¸«à¸²à¸”à¹ƒà¸«à¸à¹ˆ', 'à¸«à¸²à¸”à¹ƒà¸«à¸à¹ˆ', 1, '0851553412', 'nokcommune@gmail.com', '7.030308', '100.497011', '1', '0', '0', '', '', 0, '', '0000-00-00', 'à¸„à¸¸à¸“à¸à¸´à¸•à¸²à¸£à¸µà¸¢à¹Œ', '', 'properties-detail.php', 'assets/img/properties/property-sample.jpg', 'assets/img/property-types/single-family.png', 1, '2017-05-22', '2017-05-30'),
(55, 'à¸šà¹‰à¸²à¸™à¸£à¸¸à¹ˆà¸‡à¸—à¸´à¸§à¸²à¸›à¸²à¸£à¹Œà¸„', '313/2', '', 'à¸§à¸‡à¸¨à¹Œà¸§à¸²à¸™à¸´à¸Šà¸à¹Œ', 'à¸«à¸²à¸”à¹ƒà¸«à¸à¹ˆ', 'à¸«à¸²à¸”à¹ƒà¸«à¸à¹ˆ', 1, '0896551221', 'u-2u@windowslive.com', '7.013966', '100.487855', '0', '0', '0', '', '', 0, '', '0000-00-00', '', '', 'properties-detail.php', 'assets/img/properties/property-sample.jpg', 'assets/img/property-types/single-family.png', 1, '2017-05-22', '2017-05-30'),
(56, 'à¸šà¹‰à¸²à¸™à¸£à¸¸à¹ˆà¸‡à¸—à¸´à¸§à¸² S20', '', '', 'à¸‹à¸­à¸¢ 20 à¸„à¸¥à¸­à¸‡à¹€à¸•à¸¢', 'à¸„à¸­à¸«à¸‡à¸ªà¹Œ', 'à¸«à¸²à¸”à¹ƒà¸«à¸à¹ˆ', 2, '0896551221', 'u-2u@windowslive.com', '7.037908', '100.485525', '9', '0', '0', '', 'à¸šà¸£à¸´à¸©à¸±à¸— à¸£à¸¸à¹ˆà¸‡à¸—à¸´à¸§à¸² à¸žà¸£à¹‡à¸­à¸žà¹€à¸žà¸­à¸£à¹Œà¸•à¸µà¹‰ à¸ˆà¸³à¸à¸±à¸”', 1, '', '0000-00-00', 'à¸„à¸¸à¸“à¸ªà¸¡à¸¤à¸—à¸±à¸¢ à¸ˆà¸­à¸¡à¸§à¸´à¹€à¸Šà¸µà¸¢à¸£', '', 'properties-detail.php', 'assets/img/properties/property-sample.jpg', 'assets/img/property-types/single-family.png', 1, '2017-05-22', '2017-05-30'),
(57, 'The TWINS', 'à¸‹à¸­à¸¢ à¸ˆà¸±à¸™à¸—à¸£', '', 'à¸™à¸§à¸¥à¹à¸à¹‰à¸§', 'à¸«à¸²à¸”à¹ƒà¸«à¸à¹ˆ', 'à¸«à¸²à¸”à¹ƒà¸«à¸à¹ˆ', 1, '0851553412', 'nokcommune@gmail.com', '7.030354745276551', '100.49657737665177', '0', '0', '0', '', '', 0, '', '0000-00-00', '', 'à¸„à¸¸à¸“à¸à¸´à¸•à¸²à¸£à¸µà¸¢à¹Œ', 'properties-detail.php', 'assets/img/properties/property-sample.jpg', 'assets/img/property-types/single-family.png', 1, '2017-05-22', '2017-05-30'),
(58, 'à¸¡à¸­à¸™à¸—à¸²à¸™à¹ˆà¸² (MONTANA)', '1400', '', 'à¸à¸²à¸à¸ˆà¸™à¸§à¸“à¸´à¸Šà¸¢à¹Œ-à¸—à¹ˆà¸¸à¸‡à¹‚à¸”à¸™', 'à¸„à¸­à¸«à¸‡à¸ªà¹Œ', 'à¸«à¸²à¸”à¹ƒà¸«à¸à¹ˆ', 2, '0898778746', 'canifindit@gmail.com', '6.992849553069838', '100.52083624998477', '0', '0', '0', '', '', 0, '', '0000-00-00', '', '', 'properties-detail.php', 'assets/img/properties/prop_id_58.jpg', 'assets/img/property-types/single-family.png', 1, '2017-05-25', '2017-05-25'),
(59, 'à¸šà¸µà¹€à¸šà¸´à¸£à¹Œà¸” à¹à¸à¹‰à¸¡à¸¥à¸´à¸‡ 2', '', '', 'à¸—à¸§à¸µà¸£à¸±à¸•à¸™à¹Œ', 'à¸„à¸­à¸«à¸‡à¸ªà¹Œ', 'à¸«à¸²à¸”à¹ƒà¸«à¸à¹ˆ', 2, '0817381155', 'offing_bebird@hotmail.com', '6.993485650701488', '100.51167392324828', '0', '0', '0', '', '', 0, '', '0000-00-00', '', '', 'properties-detail.php', 'assets/img/properties/property-sample.jpg', 'assets/img/property-types/single-family.png', 1, '2017-05-25', '2017-05-29'),
(60, 'à¸šà¸µà¸™à¸¹à¹€à¸£à¸ªà¸ªà¸´à¹€à¸”à¹‡à¸™à¸‹à¹Œ', '158', '8', 'à¸›à¸¸à¸“à¸“à¸à¸±à¸“à¸‘à¹Œ', 'à¸„à¸­à¸«à¸‡à¸ªà¹Œ', 'à¸«à¸²à¸”à¹ƒà¸«à¸à¹ˆ', 2, '0808639944', 'benuresident@gmail.com', '6.999167404466188', '100.51563416931151', '0', '0', '0', '', '', 0, 'à¸™à¸´à¸•à¸´à¸šà¸¸à¸„à¸„à¸¥à¸­à¸²à¸„à¸²à¸£à¸Šà¸¸à¸”à¸šà¸µà¸™à¸¹à¹€à¸£à¸ªà¸‹à¸´à¹€à¸”à¹‡à¸™à¸‹à¹Œ à¸­', '0000-00-00', '', 'http://www.benu-residence.com', 'properties-detail.php', 'assets/img/properties/prop_id_60.jpg', 'assets/img/property-types/single-family.png', 1, '2017-05-25', '2017-05-30'),
(61, 'à¸­à¸²à¸£à¸¢à¸²à¸à¸£à¸µà¸™à¸®à¸´à¸¥à¸¥à¹Œ', '', '', 'à¸—à¸§à¸µà¸£à¸±à¸•à¸™à¹Œ', 'à¸„à¸­à¸«à¸‡à¸ªà¹Œ', 'à¸«à¸²à¸”à¹ƒà¸«à¸à¹ˆ', 2, '0819693487', 'trdeeservice@gmail.com', '6.9900068369365105', '100.5233754553642', '0', '0', '0', '', '', 0, '', '0000-00-00', '', '', 'properties-detail.php', 'assets/img/properties/property-sample.jpg', 'assets/img/property-types/single-family.png', 1, '2017-05-25', '2017-05-29'),
(62, 'à¸™à¸´à¸§à¹‚à¸®à¸¡à¹à¸à¸£à¸™à¸”à¹Œà¸§à¸´à¸¥à¸¥à¹Œ', '', '', 'à¸„à¸§à¸™à¸ˆà¸‡-à¸›à¸¥à¸±à¸à¸˜à¸‡', 'à¸„à¸­à¸«à¸‡à¸ªà¹Œ', 'à¸«à¸²à¸”à¹ƒà¸«à¸à¹ˆ', 2, '0887882384', 'newhomegroup@hotmail.com', '6.973864647699934', '100.50036558980946', '0', '0', '0', '', '', 0, '', '0000-00-00', '', '', 'properties-detail.php', 'assets/img/properties/property-sample.jpg', 'assets/img/property-types/single-family.png', 1, '2017-05-25', '2017-05-29'),
(63, 'à¸®à¸²à¸£à¹Œà¹‚à¸¡à¸™à¸µà¸§à¸´à¸¥à¸¥à¹Œ 2', '', '', 'à¸›à¸¥à¸±à¸à¸˜à¸‡-à¸„à¸§à¸™à¸ˆà¸‡', 'à¸„à¸­à¸«à¸‡à¸ªà¹Œ', 'à¸«à¸²à¸”à¹ƒà¸«à¸à¹ˆ', 2, '074216178', '', '6.974881', '100.498728', '0', '0', '0', '', 'à¸™à¸²à¸¢à¸­à¸™à¸¸à¸Šà¸´à¸• à¸à¸´à¸ˆà¸˜à¸²à¸£à¸—à¸­à¸‡ à¸™à¸²à¸¢à¸Šà¸¢à¸²à¸™à¸™à¸—à¹Œ à¸§à¸µà¸£à¸¢ï', 0, '', '2556-06-05', '', 'http://www.honestyhouses.com', 'properties-detail.php', 'assets/img/properties/property-sample.jpg', 'assets/img/property-types/single-family.png', 1, '2017-05-25', '2017-05-30'),
(64, 'à¹€à¸”à¸­à¸°à¹à¸à¸£à¸™à¸”à¹Œà¸§à¸±à¸‡à¸«à¸‡à¸ªà¹Œ', '', '2', 'à¹€à¸žà¸Šà¸£à¹€à¸à¸©à¸¡', 'à¸„à¸­à¸«à¸‡à¸ªà¹Œ', 'à¸«à¸²à¸”à¹ƒà¸«à¸à¹ˆ', 2, '0816989509', 'tkiattiyot@gmail.com', '7.025496', '100.493824', '7', '0', '0', '', '', 1, '', '0000-00-00', 'à¹€à¸à¸µà¸¢à¸£à¸•à¸´à¸¢à¸¨ à¸•à¸£à¸±à¸‡à¸„à¸²à¸™à¸™à¸—à¹Œ', 'http://www.bannwanghong.com', 'properties-detail.php', 'assets/img/properties/property-sample.jpg', 'assets/img/property-types/single-family.png', 1, '2017-05-25', '2017-05-30'),
(65, 'Prompt Condominium', 'à¸‹.à¸—à¸§à¸”à¸”à¸³à¸­à¸¸', '', 'à¸—à¸¸à¹ˆà¸‡à¸£à¸µà¹‚à¸„à¸à¸§à¸±à¸”', 'à¸„à¸­à¸«à¸‡à¸ªà¹Œ', 'à¸«à¸²à¸”à¹ƒà¸«à¸à¹ˆ', 2, '0818980303', 'jenny_shun@hotmail.com', '6.9981840000812365', '100.50260300000002', '0', '0', '0', '', '', 0, '', '0000-00-00', '', '', 'properties-detail.php', 'assets/img/properties/property-sample.jpg', 'assets/img/property-types/single-family.png', 1, '2017-05-25', '2017-05-29'),
(66, 'The Best Condo', '555/1', '', 'à¸à¸²à¸à¸ˆà¸™à¸§à¸“à¸´à¸Šà¸¢à¹Œ', 'à¸„à¸­à¸«à¸‡à¸ªà¹Œ', 'à¸«à¸²à¸”à¹ƒà¸«à¸à¹ˆ', 2, '0891971318', 'pon105@hotmail.com', '6.994307698394688', '100.49280004077377', '0', '3', '22', '', 'à¸”à¸£.à¸ªà¸£à¸žà¸¥ à¹à¸à¹‰à¸§à¸ˆà¸¸à¸£à¸±à¸•à¸™à¹Œ', 0, 'à¹€à¸”à¸­à¸°à¹€à¸šà¸ªà¸—à¹Œ', '2557-02-05', 'à¸™à¸²à¸‡à¸ªà¸²à¸§à¸§à¸£à¸à¸²à¸™à¸•à¹Œ à¹‚à¸•à¹Šà¸°à¸—à¸²à¸«à¸£à¸´à¹ˆà¸¡', 'http://www.thebesthatyai.com', 'properties-detail.php', 'assets/img/properties/prop_id_66.jpg', 'assets/img/property-types/single-family.png', 1, '2017-05-25', '2017-05-29'),
(67, 'à¸žà¸£à¸²à¸§à¸§à¸´à¸¥à¹€à¸¥à¸ˆ à¸¡.à¸­. à¸—à¸¸à¹ˆà¸‡à¸‡à¸²à¸¢', '44', '', 'à¸›à¸¸à¸“à¸“à¸à¸±à¸“à¸‘à¹Œ', 'à¸„à¸­à¸«à¸‡à¸ªà¹Œ', 'à¸«à¸²à¸”à¹ƒà¸«à¸à¹ˆ', 2, '0910456556', 'proudvillage45@gmail.com', '6.987272', '100.487476', '0', '0', '0', '', '', 0, '', '0000-00-00', '', '', 'properties-detail.php', 'assets/img/properties/property-sample.jpg', 'assets/img/property-types/single-family.png', 1, '2017-05-25', '0000-00-00'),
(68, 'à¸«à¸‡à¸ªà¹Œà¸Ÿà¹‰à¸²à¸„à¸­à¸™à¹‚à¸”à¹€à¸—à¸¥', 'à¸‹.2', '', 'à¹€à¸žà¸Šà¸£à¹€à¸à¸©à¸¡', 'à¸«à¸²à¸”à¹ƒà¸«à¸à¹ˆ', 'à¸«à¸²à¸”à¹ƒà¸«à¸à¹ˆ', 1, '0950384447', '', '7.019645', '100.493109', '0', '0', '150', '', '', 0, '', '0000-00-00', 'à¸„à¸¸à¸“à¸ªà¸¡à¸¤à¸—à¸±à¸¢ à¸ˆà¸­à¸¡à¸§à¸´à¹€à¸Šà¸µà¸¢à¸£', '', 'properties-detail.php', 'assets/img/properties/property-sample.jpg', 'assets/img/property-types/single-family.png', 1, '2017-05-25', '2017-05-30'),
(69, 'à¸­à¸´à¸‡à¸à¸¡à¸¥-à¸›à¸¸à¸“à¸“à¸à¸±à¸“à¸‘à¹Œ 2 à¹€à¸Ÿà¸ª 2', '', '6', 'à¸›à¸¸à¸“à¸“à¸à¸±à¸“à¸‘à¹Œ', 'à¸—à¸¸à¹ˆà¸‡à¹ƒà¸«à¸à¹ˆ', 'à¸«à¸²à¸”à¹ƒà¸«à¸à¹ˆ', 2, '074201456', 'inkamol2013@gmail.com', '7.001789', '100.499244', '88', '0', '70', '11/2557', '', 0, '', '2557-09-30', 'à¸„à¸¸à¸“à¹€à¸ªà¸²à¸§à¸“à¸µà¸¢à¹Œ à¸«à¸¥à¸±à¸‡à¸›à¸¸à¹€à¸•à¹Šà¸°', 'http://www.à¸­à¸´à¸‡à¸à¸¡à¸¥.com', 'properties-detail.php', 'assets/img/properties/property-sample.jpg', 'assets/img/property-types/single-family.png', 1, '2017-05-25', '2017-05-29'),
(70, 'à¹„à¸žà¸£à¸§à¸´à¸¥à¹€à¸¥à¸ˆ (Privillage)', '', '', 'à¸™à¸§à¸¥à¹à¸à¹‰à¸§à¸­à¸¸à¸—à¸´à¸¨', 'à¸«à¸²à¸”à¹ƒà¸«à¸à¹ˆ', 'à¸«à¸²à¸”à¹ƒà¸«à¸à¹ˆ', 1, '0914625698', 'jirat69@gmail.com', '7.028928', '100.485790', '0', '0', '0', '', '', 0, '', '0000-00-00', '', '', 'properties-detail.php', 'assets/img/properties/property-sample.jpg', 'assets/img/property-types/single-family.png', 1, '2017-05-25', '0000-00-00'),
(71, 'à¸žà¸¥à¸±à¸ªà¸„à¸­à¸™à¹‚à¸”à¸¡à¸´à¹€à¸™à¸µà¸¢à¸¡ à¸«à¸²à¸”à¹ƒà¸«à¸à¹ˆ 1', 'à¸‹.à¹€à¸žà¸Šà¸£à¹€à¸à¸©', '', 'à¹€à¸žà¸Šà¸£à¹€à¸à¸©à¸¡', 'à¸«à¸²à¸”à¹ƒà¸«à¸à¹ˆ', 'à¸«à¸²à¸”à¹ƒà¸«à¸à¹ˆ', 1, '074223444', 'info@sereneproperty.com', '7.0213', '100.4878', '0', '0', '0', '', '', 0, '', '0000-00-00', '', '', 'properties-detail.php', 'assets/img/properties/property-sample.jpg', 'assets/img/property-types/single-family.png', 1, '2017-05-25', '0000-00-00'),
(72, 'à¸žà¸¥à¸±à¸ªà¸„à¸­à¸™à¹‚à¸”à¸¡à¸´à¹€à¸™à¸µà¸¢à¸¡ à¸«à¸²à¸”à¹ƒà¸«à¸à¹ˆ 2', '255', '', 'à¸£à¸²à¸©à¸Žà¸£à¹Œà¸­à¸¸à¸—à¸´à¸¨', 'à¸«à¸²à¸”à¹ƒà¸«à¸à¹ˆ', 'à¸«à¸²à¸”à¹ƒà¸«à¸à¹ˆ', 1, '074223444', 'info@sereneproperty.com', '7.0042', '100.4612', '0', '0', '0', '', '', 0, '', '0000-00-00', '', '', 'properties-detail.php', 'assets/img/properties/property-sample.jpg', 'assets/img/property-types/single-family.png', 1, '2017-05-25', '2017-05-25'),
(73, 'à¸žà¸¥à¸±à¸ªà¸—à¸²à¸§à¸™à¹Œà¹‚à¸®à¸¡ à¸«à¸²à¸”à¹ƒà¸«à¸à¹ˆ', '96 à¸‹.10', '', 'à¹€à¸žà¸Šà¸£à¹€à¸à¸©à¸¡', 'à¸„à¸­à¸«à¸‡à¸ªà¹Œ', 'à¸«à¸²à¸”à¹ƒà¸«à¸à¹ˆ', 2, '0898261131', 'kitisak@sereneproperty.com', '7.025818979366013', '100.4817126527787', '0', '0', '0', '', '', 0, '', '0000-00-00', '', '', 'properties-detail.php', 'assets/img/properties/property-sample.jpg', 'assets/img/property-types/single-family.png', 1, '2017-05-25', '2017-05-25'),
(74, 'à¸šà¹‰à¸²à¸™à¸ªà¸²à¸¢à¸Šà¸¥', '', '', '', 'à¸«à¸²à¸”à¹ƒà¸«à¸à¹ˆ', 'à¸«à¸²à¸”à¹ƒà¸«à¸à¹ˆ', 1, '0899641545', 'bansaichol@gmail.com', '6.940526', '100.399935', '0', '0', '0', '', '-', 0, '-', '0000-00-00', 'à¸™à¸²à¸‡à¸§à¸²à¸ªà¸™à¸² à¸¡à¸“à¸µà¹‚à¸Šà¸•à¸´', '-', 'properties-detail.php', 'assets/img/properties/property-sample.jpg', 'assets/img/property-types/single-family.png', 1, '2017-05-26', '2017-05-29'),
(75, 'à¸§à¸­à¹€à¸•à¸­à¸£à¹Œ à¸Ÿà¸£à¸­à¸™à¸•à¹Œ à¸§à¸´à¸¥à¹€à¸¥à¸ˆ', '', '', '', 'à¸„à¸­à¸«à¸‡à¸ªà¹Œ', 'à¸«à¸²à¸”à¹ƒà¸«à¸à¹ˆ', 2, '0808739494', '', '6.994305013043554', '100.51202219245147', '0', '0', '0', '', '', 0, '', '0000-00-00', '', '', 'properties-detail.php', 'assets/img/properties/property-sample.jpg', 'assets/img/property-types/single-family.png', 1, '2017-05-26', '2017-05-29'),
(76, 'à¸šà¹‰à¸²à¸™à¸—à¸²à¸™à¸•à¸°à¸§à¸±à¸™', '', '', 'à¸—à¸§à¸µà¸£à¸±à¸•à¸™à¹Œ', 'à¸„à¸­à¸«à¸‡à¸ªà¹Œ', 'à¸«à¸²à¸”à¹ƒà¸«à¸à¹ˆ', 2, '0881159595', 'saw_thaveerat@hotmail.com', '6.992833403513809', '100.50467038657757', '0', '0', '0', '', '', 0, '', '0000-00-00', '', '', 'properties-detail.php', 'assets/img/properties/property-sample.jpg', 'assets/img/property-types/single-family.png', 1, '2017-05-26', '2017-05-29'),
(77, 'à¸à¸²à¸à¸ˆà¸™à¸—à¸£à¸±à¸žà¸¢à¹Œ', '', '', 'à¸à¸²à¸à¸ˆà¸™à¸§à¸“à¸´à¸Šà¸¢à¹Œ', 'à¸šà¹‰à¸²à¸™à¸žà¸£à¸¸', 'à¸«à¸²à¸”à¹ƒà¸«à¸à¹ˆ', 4, '0991919196', '', '6.919482', '100.469099', '0', '0', '0', '', '', 0, '', '0000-00-00', '', '', 'properties-detail.php', 'assets/img/properties/property-sample.jpg', 'assets/img/property-types/single-family.png', 1, '2017-05-26', '0000-00-00'),
(78, 'à¸›à¸¸à¸“à¸“à¸ªà¸´à¸£à¸´ à¹‚à¸®à¸¡à¹€à¸žà¸¥à¸ª', '', '', 'à¸›à¸¸à¸“à¸“à¸à¸±à¸“à¸‘à¹Œ', 'à¸„à¸­à¸«à¸‡à¸ªà¹Œ', 'à¸«à¸²à¸”à¹ƒà¸«à¸à¹ˆ', 2, '0901797776', 'punnasiri_2010@hotmail.com', '6.999682', '100.506302', '0', '0', '0', '', '', 0, '', '0000-00-00', '', '', 'properties-detail.php', 'assets/img/properties/property-sample.jpg', 'assets/img/property-types/single-family.png', 1, '2017-05-26', '2017-05-29'),
(79, 'à¸›à¸¸à¸“à¸“à¸ªà¸´à¸£à¸´ à¹‚à¸®à¸¡à¹€à¸žà¸¥à¸ª2', '137', '', 'à¸›à¸¸à¸“à¸“à¸à¸±à¸“à¸‘à¹Œ', 'à¸„à¸­à¸«à¸‡à¸ªà¹Œ', 'à¸«à¸²à¸”à¹ƒà¸«à¸à¹ˆ', 2, '0937428885', 'punnasiri_2@hotmail.com', '6.998597', '100.510112', '0', '0', '0', '', '', 0, '', '0000-00-00', '', '', 'properties-detail.php', 'assets/img/properties/property-sample.jpg', 'assets/img/property-types/single-family.png', 1, '2017-05-26', '2017-05-29'),
(80, 'à¸šà¹‰à¸²à¸™à¸ªà¸§à¸™à¸§à¸±à¸‡à¸™à¸™à¸—à¹Œ', '269', '', 'à¸šà¹‰à¸²à¸™à¸žà¸£à¸¸à¸˜à¸²à¸™à¸µ', 'à¸šà¹‰à¸²à¸™à¸žà¸£à¸¸', 'à¸«à¸²à¸”à¹ƒà¸«à¸à¹ˆ', 4, '0936197828', '', '6.934608', '100.454071', '20', '0', '0', '', 'à¸„à¸¸à¸“à¸à¸”à¸²à¸žà¸±à¸Šà¸£ à¸Šà¸´à¸™à¸à¸£à¸°à¸ˆà¹ˆà¸²à¸‡à¸à¸´à¸ˆ', 0, 'à¸šà¹‰à¸²à¸™à¸ªà¸§à¸™à¸§à¸±à¸‡à¸™à¸™à¸—à¹Œ', '2016-08-01', 'à¸„à¸¸à¸“à¸à¸”à¸²à¸žà¸±à¸Šà¸£ à¸Šà¸´à¸™à¸à¸£à¸°à¸ˆà¹ˆà¸²à¸‡à¸à¸´à¸ˆ', '', 'properties-detail.php', 'assets/img/properties/property-sample.jpg', 'assets/img/property-types/single-family.png', 1, '2017-05-31', '2017-05-31');

-- --------------------------------------------------------

--
-- Table structure for table `property_details`
--

CREATE TABLE `property_details` (
  `prop_id` int(11) NOT NULL,
  `prop_type_id` int(11) NOT NULL,
  `units_total` smallint(6) NOT NULL,
  `units_sold` smallint(6) NOT NULL,
  `units_sold_avg` smallint(6) NOT NULL,
  `units_unsold` smallint(6) NOT NULL,
  `time_unsold_avg` tinyint(4) NOT NULL,
  `units_new_6m` smallint(6) NOT NULL,
  `prop_min_price` int(11) NOT NULL,
  `prop_max_price` int(11) NOT NULL
) ENGINE=InnoDB DEFAULT CHARSET=utf8 COLLATE=utf8_unicode_ci;

--
-- Dumping data for table `property_details`
--

INSERT INTO `property_details` (`prop_id`, `prop_type_id`, `units_total`, `units_sold`, `units_sold_avg`, `units_unsold`, `time_unsold_avg`, `units_new_6m`, `prop_min_price`, `prop_max_price`) VALUES
(1, 1, 0, 0, 0, 0, 0, 0, 0, 0),
(1, 2, 0, 0, 0, 0, 0, 0, 0, 0),
(1, 3, 0, 0, 0, 0, 0, 0, 0, 0),
(1, 4, 0, 0, 0, 0, 0, 0, 0, 0),
(1, 5, 0, 0, 0, 0, 0, 0, 0, 0),
(1, 6, 0, 0, 0, 0, 0, 0, 0, 0),
(1, 7, 0, 0, 0, 0, 0, 0, 0, 0),
(1, 8, 0, 0, 0, 0, 0, 0, 0, 0),
(1, 9, 0, 0, 0, 0, 0, 0, 0, 0),
(1, 10, 0, 0, 0, 0, 0, 0, 0, 0),
(2, 1, 0, 0, 0, 0, 0, 0, 0, 0),
(2, 2, 0, 0, 0, 0, 0, 0, 0, 0),
(2, 3, 0, 0, 0, 0, 0, 0, 0, 0),
(2, 4, 0, 0, 0, 0, 0, 0, 0, 0),
(2, 5, 0, 0, 0, 0, 0, 0, 0, 0),
(2, 6, 0, 0, 0, 0, 0, 0, 0, 0),
(2, 7, 24, 8, 1, 16, 0, 0, 2800000, 3400000),
(2, 8, 30, 18, 1, 12, 0, 0, 4010000, 8870000),
(2, 9, 0, 0, 0, 0, 0, 0, 0, 0),
(2, 10, 0, 0, 0, 0, 0, 0, 0, 0),
(3, 1, 0, 0, 0, 0, 0, 0, 0, 0),
(3, 2, 0, 0, 0, 0, 0, 0, 0, 0),
(3, 3, 0, 0, 0, 0, 0, 0, 0, 0),
(3, 4, 48, 48, 0, 0, 0, 0, 3300000, 4000000),
(3, 5, 60, 60, 0, 0, 0, 0, 1690000, 2500000),
(3, 6, 0, 0, 0, 0, 0, 0, 0, 0),
(3, 7, 0, 0, 0, 0, 0, 0, 0, 0),
(3, 8, 15, 15, 0, 0, 0, 0, 3800000, 5490000),
(3, 9, 0, 0, 0, 0, 0, 0, 0, 0),
(3, 10, 0, 0, 0, 0, 0, 0, 0, 0),
(4, 1, 0, 0, 0, 0, 0, 0, 0, 0),
(4, 2, 0, 0, 0, 0, 0, 0, 0, 0),
(4, 3, 0, 0, 0, 0, 0, 0, 0, 0),
(4, 4, 4, 1, 0, 3, 0, 0, 3500000, 4020000),
(4, 5, 32, 30, 1, 2, 0, 0, 2420000, 2430000),
(4, 6, 0, 0, 0, 0, 0, 0, 0, 0),
(4, 7, 0, 0, 0, 0, 0, 0, 0, 0),
(4, 8, 6, 3, 0, 3, 0, 0, 4800000, 5200000),
(4, 9, 0, 0, 0, 0, 0, 0, 0, 0),
(4, 10, 0, 0, 0, 0, 0, 0, 0, 0),
(5, 1, 26, 21, 2, 5, 0, 0, 3500000, 4500000),
(5, 2, 0, 0, 0, 0, 0, 0, 0, 0),
(5, 3, 0, 0, 0, 0, 0, 0, 0, 0),
(5, 4, 0, 0, 0, 0, 0, 0, 0, 0),
(5, 5, 0, 0, 0, 0, 0, 0, 0, 0),
(5, 6, 0, 0, 0, 0, 0, 0, 0, 0),
(5, 7, 0, 0, 0, 0, 0, 0, 0, 0),
(5, 8, 0, 0, 0, 0, 0, 0, 0, 0),
(5, 9, 0, 0, 0, 0, 0, 0, 0, 0),
(5, 10, 0, 0, 0, 0, 0, 0, 0, 0),
(6, 1, 0, 0, 0, 0, 0, 0, 0, 0),
(6, 2, 0, 0, 0, 0, 0, 0, 0, 0),
(6, 3, 0, 0, 0, 0, 0, 0, 0, 0),
(6, 4, 0, 0, 0, 0, 0, 0, 0, 0),
(6, 5, 0, 0, 0, 0, 0, 0, 0, 0),
(6, 6, 0, 0, 0, 0, 0, 0, 0, 0),
(6, 7, 0, 0, 0, 0, 0, 0, 0, 0),
(6, 8, 0, 0, 0, 0, 0, 0, 0, 0),
(6, 9, 0, 0, 0, 0, 0, 0, 0, 0),
(6, 10, 0, 0, 0, 0, 0, 0, 0, 0),
(7, 1, 0, 0, 0, 0, 0, 0, 0, 0),
(7, 2, 0, 0, 0, 0, 0, 0, 0, 0),
(7, 3, 0, 0, 0, 0, 0, 0, 0, 0),
(7, 4, 0, 0, 0, 0, 0, 0, 0, 0),
(7, 5, 0, 0, 0, 0, 0, 0, 0, 0),
(7, 6, 0, 0, 0, 0, 0, 0, 0, 0),
(7, 7, 0, 0, 0, 0, 0, 0, 0, 0),
(7, 8, 0, 0, 0, 0, 0, 0, 0, 0),
(7, 9, 0, 0, 0, 0, 0, 0, 0, 0),
(7, 10, 0, 0, 0, 0, 0, 0, 0, 0),
(8, 1, 0, 0, 0, 0, 0, 0, 0, 0),
(8, 2, 8, 0, 0, 8, 0, 0, 3940000, 4470000),
(8, 3, 0, 0, 0, 0, 0, 0, 0, 0),
(8, 4, 0, 0, 0, 0, 0, 0, 0, 0),
(8, 5, 27, 18, 3, 0, 0, 0, 1850000, 2360000),
(8, 6, 0, 0, 0, 0, 0, 0, 0, 0),
(8, 7, 0, 0, 0, 0, 0, 0, 0, 0),
(8, 8, 0, 0, 0, 0, 0, 0, 0, 0),
(8, 9, 0, 0, 0, 0, 0, 0, 0, 0),
(8, 10, 0, 0, 0, 0, 0, 0, 0, 0),
(9, 1, 0, 0, 0, 0, 0, 0, 0, 0),
(9, 2, 19, 7, 0, 6, 0, 0, 4520000, 6270000),
(9, 3, 0, 0, 0, 0, 0, 0, 0, 0),
(9, 4, 0, 0, 0, 0, 0, 0, 0, 0),
(9, 5, 0, 0, 0, 0, 0, 0, 0, 0),
(9, 6, 44, 13, 0, 8, 0, 23, 3410000, 4510000),
(9, 7, 0, 0, 0, 0, 0, 0, 0, 0),
(9, 8, 0, 0, 0, 0, 0, 0, 0, 0),
(9, 9, 0, 0, 0, 0, 0, 0, 0, 0),
(9, 10, 0, 0, 0, 0, 0, 0, 0, 0),
(10, 1, 0, 0, 0, 0, 0, 0, 0, 0),
(10, 2, 56, 30, 0, 26, 0, 0, 3430000, 4850000),
(10, 3, 0, 0, 0, 0, 0, 0, 0, 0),
(10, 4, 35, 25, 0, 10, 0, 0, 2880000, 3070000),
(10, 5, 0, 0, 0, 0, 0, 0, 0, 0),
(10, 6, 0, 0, 0, 0, 0, 0, 0, 0),
(10, 7, 0, 0, 0, 0, 0, 0, 0, 0),
(10, 8, 0, 0, 0, 0, 0, 0, 0, 0),
(10, 9, 0, 0, 0, 0, 0, 0, 0, 0),
(10, 10, 0, 0, 0, 0, 0, 0, 0, 0),
(11, 1, 0, 0, 0, 0, 0, 0, 0, 0),
(11, 2, 0, 0, 0, 0, 0, 0, 0, 0),
(11, 3, 0, 0, 0, 0, 0, 0, 0, 0),
(11, 4, 0, 0, 0, 0, 0, 0, 0, 0),
(11, 5, 0, 0, 0, 0, 0, 0, 0, 0),
(11, 6, 0, 0, 0, 0, 0, 0, 0, 0),
(11, 7, 0, 0, 0, 0, 0, 0, 0, 0),
(11, 8, 3, 1, 0, 2, 0, 0, 5500000, 15100000),
(11, 9, 0, 0, 0, 0, 0, 0, 0, 0),
(11, 10, 0, 0, 0, 0, 0, 0, 0, 0),
(12, 1, 0, 0, 0, 0, 0, 0, 0, 0),
(12, 2, 0, 0, 0, 0, 0, 0, 0, 0),
(12, 3, 0, 0, 0, 0, 0, 0, 0, 0),
(12, 4, 0, 0, 0, 0, 0, 0, 0, 0),
(12, 5, 57, 54, 0, 3, 0, 0, 2100000, 5000000),
(12, 6, 0, 0, 0, 0, 0, 0, 0, 0),
(12, 7, 0, 0, 0, 0, 0, 0, 0, 0),
(12, 8, 0, 0, 0, 0, 0, 0, 0, 0),
(12, 9, 0, 0, 0, 0, 0, 0, 0, 0),
(12, 10, 0, 0, 0, 0, 0, 0, 0, 0),
(13, 1, 0, 0, 0, 0, 0, 0, 0, 0),
(13, 2, 0, 0, 0, 0, 0, 0, 0, 0),
(13, 3, 0, 0, 0, 0, 0, 0, 0, 0),
(13, 4, 0, 0, 0, 0, 0, 0, 0, 0),
(13, 5, 21, 12, 2, 9, 0, 6, 2500000, 4500000),
(13, 6, 0, 0, 0, 0, 0, 0, 0, 0),
(13, 7, 0, 0, 0, 0, 0, 0, 0, 0),
(13, 8, 0, 0, 0, 0, 0, 0, 0, 0),
(13, 9, 0, 0, 0, 0, 0, 0, 0, 0),
(13, 10, 0, 0, 0, 0, 0, 0, 0, 0),
(14, 1, 0, 0, 0, 0, 0, 0, 0, 0),
(14, 2, 0, 0, 0, 0, 0, 0, 0, 0),
(14, 3, 0, 0, 0, 0, 0, 0, 0, 0),
(14, 4, 0, 0, 0, 0, 0, 0, 0, 0),
(14, 5, 14, 14, 2, 0, 0, 7, 3500000, 4100000),
(14, 6, 0, 0, 0, 0, 0, 0, 0, 0),
(14, 7, 0, 0, 0, 0, 0, 0, 0, 0),
(14, 8, 0, 0, 0, 0, 0, 0, 0, 0),
(14, 9, 0, 0, 0, 0, 0, 0, 0, 0),
(14, 10, 0, 0, 0, 0, 0, 0, 0, 0),
(15, 1, 0, 0, 0, 0, 0, 0, 0, 0),
(15, 2, 0, 0, 0, 0, 0, 0, 0, 0),
(15, 3, 0, 0, 0, 0, 0, 0, 0, 0),
(15, 4, 0, 0, 0, 0, 0, 0, 0, 0),
(15, 5, 0, 0, 0, 0, 0, 0, 0, 0),
(15, 6, 0, 0, 0, 0, 0, 0, 0, 0),
(15, 7, 0, 0, 0, 0, 0, 0, 0, 0),
(15, 8, 0, 0, 0, 0, 0, 0, 0, 0),
(15, 9, 296, 292, 5, 4, 12, 0, 990000, 4590000),
(15, 10, 0, 0, 0, 0, 0, 0, 0, 0),
(16, 1, 0, 0, 0, 0, 0, 0, 0, 0),
(16, 2, 0, 0, 0, 0, 0, 0, 0, 0),
(16, 3, 0, 0, 0, 0, 0, 0, 0, 0),
(16, 4, 0, 0, 0, 0, 0, 0, 0, 0),
(16, 5, 0, 0, 0, 0, 0, 0, 0, 0),
(16, 6, 0, 0, 0, 0, 0, 0, 0, 0),
(16, 7, 0, 0, 0, 0, 0, 0, 0, 0),
(16, 8, 9, 5, 1, 4, 4, 0, 5000000, 5590000),
(16, 9, 0, 0, 0, 0, 0, 0, 0, 0),
(16, 10, 0, 0, 0, 0, 0, 0, 0, 0),
(17, 1, 2, 0, 0, 0, 0, 5, 3700000, 4200000),
(17, 2, 3, 1, 0, 0, 0, 16, 5900000, 7300000),
(17, 3, 4, 3, 0, 0, 0, 4, 2900000, 3500000),
(17, 4, 0, 0, 0, 0, 0, 0, 0, 0),
(17, 5, 0, 0, 0, 0, 0, 0, 0, 0),
(17, 6, 0, 0, 0, 0, 0, 0, 0, 0),
(17, 7, 0, 0, 0, 0, 0, 0, 0, 0),
(17, 8, 0, 0, 0, 0, 0, 0, 0, 0),
(17, 9, 0, 0, 0, 0, 0, 0, 0, 0),
(17, 10, 0, 0, 0, 0, 0, 0, 0, 0),
(18, 1, 0, 0, 0, 0, 0, 0, 0, 0),
(18, 2, 43, 43, 0, 0, 0, 0, 4500000, 4500000),
(18, 3, 0, 0, 0, 0, 0, 0, 0, 0),
(18, 4, 0, 0, 0, 0, 0, 0, 0, 0),
(18, 5, 0, 0, 0, 0, 0, 0, 0, 0),
(18, 6, 0, 0, 0, 0, 0, 0, 0, 0),
(18, 7, 0, 0, 0, 0, 0, 0, 0, 0),
(18, 8, 0, 0, 0, 0, 0, 0, 0, 0),
(18, 9, 0, 0, 0, 0, 0, 0, 0, 0),
(18, 10, 0, 0, 0, 0, 0, 0, 0, 0),
(19, 1, 0, 0, 0, 0, 0, 0, 0, 0),
(19, 2, 12, 9, 1, 0, 0, 3, 12900000, 17900000),
(19, 3, 0, 0, 0, 0, 0, 0, 0, 0),
(19, 4, 0, 0, 0, 0, 0, 0, 0, 0),
(19, 5, 0, 0, 0, 0, 0, 0, 0, 0),
(19, 6, 0, 0, 0, 0, 0, 0, 0, 0),
(19, 7, 0, 0, 0, 0, 0, 0, 0, 0),
(19, 8, 0, 0, 0, 0, 0, 0, 0, 0),
(19, 9, 0, 0, 0, 0, 0, 0, 0, 0),
(19, 10, 0, 0, 0, 0, 0, 0, 0, 0),
(20, 1, 10, 9, 0, 1, 24, 0, 4590000, 4590000),
(20, 2, 4, 3, 0, 1, 0, 0, 4590000, 4590000),
(20, 3, 0, 0, 0, 0, 0, 0, 0, 0),
(20, 4, 8, 2, 0, 6, 24, 0, 2890000, 2990000),
(20, 5, 26, 22, 0, 4, 0, 0, 1990000, 2290000),
(20, 6, 0, 0, 0, 0, 0, 0, 0, 0),
(20, 7, 0, 0, 0, 0, 0, 0, 0, 0),
(20, 8, 0, 0, 0, 0, 0, 0, 0, 0),
(20, 9, 0, 0, 0, 0, 0, 0, 0, 0),
(20, 10, 0, 0, 0, 0, 0, 0, 0, 0),
(21, 1, 83, 20, 3, 0, 0, 20, 2900000, 3590000),
(21, 2, 20, 0, 0, 0, 0, 2, 4500000, 4900000),
(21, 3, 0, 0, 0, 0, 0, 0, 0, 0),
(21, 4, 0, 0, 0, 0, 0, 0, 0, 0),
(21, 5, 0, 0, 0, 0, 0, 0, 0, 0),
(21, 6, 0, 0, 0, 0, 0, 0, 0, 0),
(21, 7, 0, 0, 0, 0, 0, 0, 0, 0),
(21, 8, 0, 0, 0, 0, 0, 0, 0, 0),
(21, 9, 0, 0, 0, 0, 0, 0, 0, 0),
(21, 10, 0, 0, 0, 0, 0, 0, 0, 0),
(22, 1, 0, 0, 0, 0, 0, 0, 0, 0),
(22, 2, 0, 0, 0, 0, 0, 0, 0, 0),
(22, 3, 0, 0, 0, 0, 0, 0, 0, 0),
(22, 4, 0, 0, 0, 0, 0, 0, 0, 0),
(22, 5, 0, 0, 0, 0, 0, 0, 0, 0),
(22, 6, 0, 0, 0, 0, 0, 0, 0, 0),
(22, 7, 0, 0, 0, 0, 0, 0, 0, 0),
(22, 8, 0, 0, 0, 0, 0, 0, 0, 0),
(22, 9, 0, 0, 0, 0, 0, 0, 0, 0),
(22, 10, 0, 0, 0, 0, 0, 0, 0, 0),
(23, 1, 0, 0, 0, 0, 0, 0, 0, 0),
(23, 2, 0, 0, 0, 0, 0, 0, 0, 0),
(23, 3, 0, 0, 0, 0, 0, 0, 0, 0),
(23, 4, 5, 2, 0, 3, 3, 0, 5900000, 7900000),
(23, 5, 0, 0, 0, 0, 0, 0, 0, 0),
(23, 6, 0, 0, 0, 0, 0, 0, 0, 0),
(23, 7, 0, 0, 0, 0, 0, 0, 0, 0),
(23, 8, 0, 0, 0, 0, 0, 0, 0, 0),
(23, 9, 0, 0, 0, 0, 0, 0, 0, 0),
(23, 10, 5, 2, 0, 3, 3, 0, 5900000, 7900000),
(24, 1, 0, 0, 0, 0, 0, 0, 0, 0),
(24, 2, 0, 0, 0, 0, 0, 0, 0, 0),
(24, 3, 0, 0, 0, 0, 0, 0, 0, 0),
(24, 4, 0, 0, 0, 0, 0, 0, 0, 0),
(24, 5, 0, 0, 0, 0, 0, 0, 0, 0),
(24, 6, 0, 0, 0, 0, 0, 0, 0, 0),
(24, 7, 0, 0, 0, 0, 0, 0, 0, 0),
(24, 8, 12, 8, 2, 4, 1, 9, 6500000, 6900000),
(24, 9, 0, 0, 0, 0, 0, 0, 0, 0),
(24, 10, 0, 0, 0, 0, 0, 0, 0, 0),
(25, 1, 0, 0, 0, 0, 0, 0, 0, 0),
(25, 2, 0, 0, 0, 0, 0, 0, 0, 0),
(25, 3, 0, 0, 0, 0, 0, 0, 0, 0),
(25, 4, 0, 0, 0, 0, 0, 0, 0, 0),
(25, 5, 0, 0, 0, 0, 0, 0, 0, 0),
(25, 6, 0, 0, 0, 0, 0, 0, 0, 0),
(25, 7, 0, 0, 0, 0, 0, 0, 0, 0),
(25, 8, 0, 0, 0, 0, 0, 0, 0, 0),
(25, 9, 0, 0, 0, 0, 0, 0, 0, 0),
(25, 10, 0, 0, 0, 0, 0, 0, 0, 0),
(26, 1, 24, 0, 0, 0, 0, 0, 4500000, 0),
(26, 2, 92, 22, 0, 0, 0, 0, 0, 13000000),
(26, 3, 0, 0, 0, 0, 0, 0, 0, 0),
(26, 4, 0, 0, 0, 0, 0, 0, 0, 0),
(26, 5, 0, 0, 0, 0, 0, 0, 0, 0),
(26, 6, 0, 0, 0, 0, 0, 0, 0, 0),
(26, 7, 0, 0, 0, 0, 0, 0, 0, 0),
(26, 8, 0, 0, 0, 0, 0, 0, 0, 0),
(26, 9, 0, 0, 0, 0, 0, 0, 0, 0),
(26, 10, 0, 0, 0, 0, 0, 0, 0, 0),
(27, 1, 0, 0, 0, 0, 0, 0, 0, 0),
(27, 2, 0, 0, 0, 0, 0, 0, 0, 0),
(27, 3, 0, 0, 0, 0, 0, 0, 0, 0),
(27, 4, 0, 0, 0, 0, 0, 0, 0, 0),
(27, 5, 0, 0, 0, 0, 0, 0, 0, 0),
(27, 6, 0, 0, 0, 0, 0, 0, 0, 0),
(27, 7, 0, 0, 0, 0, 0, 0, 0, 0),
(27, 8, 0, 0, 0, 0, 0, 0, 0, 0),
(27, 9, 0, 0, 0, 0, 0, 0, 0, 0),
(27, 10, 0, 0, 0, 0, 0, 0, 0, 0),
(28, 1, 0, 0, 0, 0, 0, 0, 0, 0),
(28, 2, 15, 14, 0, 1, 2, 0, 0, 0),
(28, 3, 0, 0, 0, 0, 0, 0, 0, 0),
(28, 4, 0, 0, 0, 0, 0, 0, 0, 0),
(28, 5, 0, 0, 0, 0, 0, 0, 0, 0),
(28, 6, 0, 0, 0, 0, 0, 0, 0, 0),
(28, 7, 0, 0, 0, 0, 0, 0, 0, 0),
(28, 8, 0, 0, 0, 0, 0, 0, 0, 0),
(28, 9, 0, 0, 0, 0, 0, 0, 0, 0),
(28, 10, 0, 0, 0, 0, 0, 0, 0, 0),
(29, 1, 0, 0, 0, 0, 0, 0, 0, 0),
(29, 2, 0, 0, 0, 0, 0, 0, 0, 0),
(29, 3, 0, 0, 0, 0, 0, 0, 0, 0),
(29, 4, 0, 0, 0, 0, 0, 0, 0, 0),
(29, 5, 133, 89, 2, 8, 6, 33, 1390000, 3000000),
(29, 6, 0, 0, 0, 0, 0, 0, 0, 0),
(29, 7, 15, 0, 0, 0, 0, 15, 0, 0),
(29, 8, 0, 0, 0, 0, 0, 0, 0, 0),
(29, 9, 0, 0, 0, 0, 0, 0, 0, 0),
(29, 10, 0, 0, 0, 0, 0, 0, 0, 0),
(30, 1, 0, 0, 0, 0, 0, 0, 0, 0),
(30, 2, 0, 0, 0, 0, 0, 0, 0, 0),
(30, 3, 0, 0, 0, 0, 0, 0, 0, 0),
(30, 4, 0, 0, 0, 0, 0, 0, 0, 0),
(30, 5, 0, 0, 0, 0, 0, 0, 0, 0),
(30, 6, 0, 0, 0, 0, 0, 0, 0, 0),
(30, 7, 0, 0, 0, 0, 0, 0, 0, 0),
(30, 8, 0, 0, 0, 0, 0, 0, 0, 0),
(30, 9, 0, 0, 0, 0, 0, 0, 0, 0),
(30, 10, 0, 0, 0, 0, 0, 0, 0, 0),
(31, 1, 0, 0, 0, 0, 0, 0, 0, 0),
(31, 2, 0, 0, 0, 0, 0, 0, 0, 0),
(31, 3, 0, 0, 0, 0, 0, 0, 0, 0),
(31, 4, 0, 0, 0, 0, 0, 0, 0, 0),
(31, 5, 0, 0, 0, 0, 0, 0, 0, 0),
(31, 6, 0, 0, 0, 0, 0, 0, 0, 0),
(31, 7, 0, 0, 0, 0, 0, 0, 0, 0),
(31, 8, 0, 0, 0, 0, 0, 0, 0, 0),
(31, 9, 0, 0, 0, 0, 0, 0, 0, 0),
(31, 10, 0, 0, 0, 0, 0, 0, 0, 0),
(32, 1, 0, 0, 0, 0, 0, 0, 0, 0),
(32, 2, 0, 0, 0, 0, 0, 0, 0, 0),
(32, 3, 0, 0, 0, 0, 0, 0, 0, 0),
(32, 4, 0, 0, 0, 0, 0, 0, 0, 0),
(32, 5, 0, 0, 0, 0, 0, 0, 0, 0),
(32, 6, 0, 0, 0, 0, 0, 0, 0, 0),
(32, 7, 0, 0, 0, 0, 0, 0, 0, 0),
(32, 8, 0, 0, 0, 0, 0, 0, 0, 0),
(32, 9, 0, 0, 0, 0, 0, 0, 0, 0),
(32, 10, 0, 0, 0, 0, 0, 0, 0, 0),
(33, 1, 0, 0, 0, 0, 0, 0, 0, 0),
(33, 2, 106, 18, 2, 10, 3, 10, 4700000, 5400000),
(33, 3, 0, 0, 0, 0, 0, 0, 0, 0),
(33, 4, 0, 0, 0, 0, 0, 0, 0, 0),
(33, 5, 0, 0, 0, 0, 0, 0, 0, 0),
(33, 6, 0, 0, 0, 0, 0, 0, 0, 0),
(33, 7, 0, 0, 0, 0, 0, 0, 0, 0),
(33, 8, 0, 0, 0, 0, 0, 0, 0, 0),
(33, 9, 0, 0, 0, 0, 0, 0, 0, 0),
(33, 10, 0, 0, 0, 0, 0, 0, 0, 0),
(34, 1, 0, 0, 0, 0, 0, 0, 0, 0),
(34, 2, 0, 0, 0, 0, 0, 0, 0, 0),
(34, 3, 0, 0, 0, 0, 0, 0, 0, 0),
(34, 4, 0, 0, 0, 0, 0, 0, 0, 0),
(34, 5, 42, 0, 1, 18, 0, 18, 2250000, 2250000),
(34, 6, 0, 0, 0, 0, 0, 0, 0, 0),
(34, 7, 0, 0, 0, 0, 0, 0, 0, 0),
(34, 8, 0, 0, 0, 0, 0, 0, 0, 0),
(34, 9, 0, 0, 0, 0, 0, 0, 0, 0),
(34, 10, 0, 0, 0, 0, 0, 0, 0, 0),
(35, 1, 0, 0, 0, 0, 0, 0, 0, 0),
(35, 2, 97, 83, 2, 4, 4, 9, 3800000, 7400000),
(35, 3, 0, 0, 0, 0, 0, 0, 0, 0),
(35, 4, 0, 0, 0, 0, 0, 0, 0, 0),
(35, 5, 0, 0, 0, 0, 0, 0, 0, 0),
(35, 6, 0, 0, 0, 0, 0, 0, 0, 0),
(35, 7, 0, 0, 0, 0, 0, 0, 0, 0),
(35, 8, 0, 0, 0, 0, 0, 0, 0, 0),
(35, 9, 0, 0, 0, 0, 0, 0, 0, 0),
(35, 10, 0, 0, 0, 0, 0, 0, 0, 0),
(36, 1, 0, 0, 0, 0, 0, 0, 0, 0),
(36, 2, 0, 0, 0, 0, 0, 0, 0, 0),
(36, 3, 0, 0, 0, 0, 0, 0, 0, 0),
(36, 4, 0, 0, 0, 0, 0, 0, 0, 0),
(36, 5, 0, 0, 0, 0, 0, 0, 0, 0),
(36, 6, 0, 0, 0, 0, 0, 0, 0, 0),
(36, 7, 0, 0, 0, 0, 0, 0, 0, 0),
(36, 8, 0, 0, 0, 0, 0, 0, 0, 0),
(36, 9, 0, 0, 0, 0, 0, 0, 0, 0),
(36, 10, 0, 0, 0, 0, 0, 0, 0, 0),
(37, 1, 21, 19, 3, 2, 0, 14, 1890000, 2490000),
(37, 2, 4, 3, 0, 1, 0, 10, 3209000, 3990000),
(37, 3, 0, 0, 0, 0, 0, 0, 0, 0),
(37, 4, 0, 0, 0, 0, 0, 0, 0, 0),
(37, 5, 16, 13, 1, 3, 6, 9, 2590000, 3490000),
(37, 6, 0, 0, 0, 0, 0, 0, 0, 0),
(37, 7, 0, 0, 0, 0, 0, 0, 0, 0),
(37, 8, 0, 0, 0, 0, 0, 0, 0, 0),
(37, 9, 0, 0, 0, 0, 0, 0, 0, 0),
(37, 10, 0, 0, 0, 0, 0, 0, 0, 0),
(38, 1, 0, 0, 0, 0, 0, 0, 0, 0),
(38, 2, 0, 0, 0, 0, 0, 0, 0, 0),
(38, 3, 0, 0, 0, 0, 0, 0, 0, 0),
(38, 4, 0, 0, 0, 0, 0, 0, 0, 0),
(38, 5, 0, 0, 0, 0, 0, 0, 0, 0),
(38, 6, 0, 0, 0, 0, 0, 0, 0, 0),
(38, 7, 0, 0, 0, 0, 0, 0, 0, 0),
(38, 8, 0, 0, 0, 0, 0, 0, 0, 0),
(38, 9, 0, 0, 0, 0, 0, 0, 0, 0),
(38, 10, 0, 0, 0, 0, 0, 0, 0, 0),
(39, 1, 0, 0, 0, 0, 0, 0, 0, 0),
(39, 2, 0, 0, 0, 0, 0, 0, 0, 0),
(39, 3, 0, 0, 0, 0, 0, 0, 0, 0),
(39, 4, 0, 0, 0, 0, 0, 0, 0, 0),
(39, 5, 0, 0, 0, 0, 0, 0, 0, 0),
(39, 6, 0, 0, 0, 0, 0, 0, 0, 0),
(39, 7, 0, 0, 0, 0, 0, 0, 0, 0),
(39, 8, 0, 0, 0, 0, 0, 0, 0, 0),
(39, 9, 0, 0, 0, 0, 0, 0, 0, 0),
(39, 10, 0, 0, 0, 0, 0, 0, 0, 0),
(40, 1, 0, 0, 0, 0, 0, 0, 0, 0),
(40, 2, 0, 0, 0, 0, 0, 0, 0, 0),
(40, 3, 0, 0, 0, 0, 0, 0, 0, 0),
(40, 4, 0, 0, 0, 0, 0, 0, 0, 0),
(40, 5, 0, 0, 0, 0, 0, 0, 0, 0),
(40, 6, 0, 0, 0, 0, 0, 0, 0, 0),
(40, 7, 0, 0, 0, 0, 0, 0, 0, 0),
(40, 8, 0, 0, 0, 0, 0, 0, 0, 0),
(40, 9, 0, 0, 0, 0, 0, 0, 0, 0),
(40, 10, 0, 0, 0, 0, 0, 0, 0, 0),
(41, 1, 0, 0, 0, 0, 0, 0, 0, 0),
(41, 2, 0, 0, 0, 0, 0, 0, 0, 0),
(41, 3, 0, 0, 0, 0, 0, 0, 0, 0),
(41, 4, 0, 0, 0, 0, 0, 0, 0, 0),
(41, 5, 0, 0, 0, 0, 0, 0, 0, 0),
(41, 6, 0, 0, 0, 0, 0, 0, 0, 0),
(41, 7, 0, 0, 0, 0, 0, 0, 0, 0),
(41, 8, 0, 0, 0, 0, 0, 0, 0, 0),
(41, 9, 0, 0, 0, 0, 0, 0, 0, 0),
(41, 10, 0, 0, 0, 0, 0, 0, 0, 0),
(42, 1, 0, 0, 0, 0, 0, 0, 0, 0),
(42, 2, 12, 1, 1, 0, 0, 0, 8700000, 15600000),
(42, 3, 0, 0, 0, 0, 0, 0, 0, 0),
(42, 4, 0, 0, 0, 0, 0, 0, 0, 0),
(42, 5, 0, 0, 0, 0, 0, 0, 0, 0),
(42, 6, 0, 0, 0, 0, 0, 0, 0, 0),
(42, 7, 0, 0, 0, 0, 0, 0, 0, 0),
(42, 8, 0, 0, 0, 0, 0, 0, 0, 0),
(42, 9, 0, 0, 0, 0, 0, 0, 0, 0),
(42, 10, 0, 0, 0, 0, 0, 0, 0, 0),
(43, 1, 0, 0, 0, 0, 0, 0, 0, 0),
(43, 2, 0, 0, 0, 0, 0, 0, 0, 0),
(43, 3, 0, 0, 0, 0, 0, 0, 0, 0),
(43, 4, 0, 0, 0, 0, 0, 0, 0, 0),
(43, 5, 0, 0, 0, 0, 0, 0, 0, 0),
(43, 6, 44, 7, 0, 9, 0, 0, 0, 0),
(43, 7, 0, 0, 0, 0, 0, 0, 0, 0),
(43, 8, 8, 8, 0, 0, 0, 0, 0, 0),
(43, 9, 0, 0, 0, 0, 0, 0, 0, 0),
(43, 10, 0, 0, 0, 0, 0, 0, 0, 0),
(44, 1, 0, 0, 0, 0, 0, 0, 0, 0),
(44, 2, 0, 0, 0, 0, 0, 0, 0, 0),
(44, 3, 0, 0, 0, 0, 0, 0, 0, 0),
(44, 4, 0, 0, 0, 0, 0, 0, 0, 0),
(44, 5, 0, 0, 0, 0, 0, 0, 0, 0),
(44, 6, 0, 0, 0, 0, 0, 0, 0, 0),
(44, 7, 0, 0, 0, 0, 0, 0, 0, 0),
(44, 8, 0, 0, 0, 0, 0, 0, 0, 0),
(44, 9, 0, 0, 0, 0, 0, 0, 0, 0),
(44, 10, 0, 0, 0, 0, 0, 0, 0, 0),
(45, 1, 0, 0, 0, 0, 0, 0, 0, 0),
(45, 2, 0, 0, 0, 0, 0, 0, 0, 0),
(45, 3, 0, 0, 0, 0, 0, 0, 0, 0),
(45, 4, 0, 0, 0, 0, 0, 0, 0, 0),
(45, 5, 10, 1, 0, 0, 0, 0, 3800000, 4500000),
(45, 6, 0, 0, 0, 0, 0, 0, 0, 0),
(45, 7, 3, 0, 0, 0, 0, 0, 0, 0),
(45, 8, 0, 0, 0, 0, 0, 0, 0, 0),
(45, 9, 0, 0, 0, 0, 0, 0, 0, 0),
(45, 10, 0, 0, 0, 0, 0, 0, 0, 0),
(46, 1, 0, 0, 0, 0, 0, 0, 0, 0),
(46, 2, 28, 12, 1, 10, 0, 0, 6000000, 7000000),
(46, 3, 0, 0, 0, 0, 0, 0, 0, 0),
(46, 4, 0, 0, 0, 0, 0, 0, 0, 0),
(46, 5, 0, 0, 0, 0, 0, 0, 0, 0),
(46, 6, 0, 0, 0, 0, 0, 0, 0, 0),
(46, 7, 0, 0, 0, 0, 0, 0, 0, 0),
(46, 8, 0, 0, 0, 0, 0, 0, 0, 0),
(46, 9, 0, 0, 0, 0, 0, 0, 0, 0),
(46, 10, 0, 0, 0, 0, 0, 0, 0, 0),
(47, 1, 0, 0, 0, 0, 0, 0, 0, 0),
(47, 2, 0, 0, 0, 0, 0, 0, 0, 0),
(47, 3, 0, 0, 0, 0, 0, 0, 0, 0),
(47, 4, 0, 0, 0, 0, 0, 0, 0, 0),
(47, 5, 0, 0, 0, 0, 0, 0, 0, 0),
(47, 6, 0, 0, 0, 0, 0, 0, 0, 0),
(47, 7, 0, 0, 0, 0, 0, 0, 0, 0),
(47, 8, 0, 0, 0, 0, 0, 0, 0, 0),
(47, 9, 64, 54, 1, 10, 12, 0, 1490000, 3300000),
(47, 10, 0, 0, 0, 0, 0, 0, 0, 0),
(48, 1, 0, 0, 0, 0, 0, 0, 0, 0),
(48, 2, 0, 0, 0, 0, 0, 0, 0, 0),
(48, 3, 0, 0, 0, 0, 0, 0, 0, 0),
(48, 4, 0, 0, 0, 0, 0, 0, 0, 0),
(48, 5, 0, 0, 0, 0, 0, 0, 0, 0),
(48, 6, 30, 19, 0, 0, 0, 0, 2230000, 2450000),
(48, 7, 8, 2, 0, 0, 0, 0, 2850000, 3050000),
(48, 8, 0, 0, 0, 0, 0, 0, 0, 0),
(48, 9, 0, 0, 0, 0, 0, 0, 0, 0),
(48, 10, 0, 0, 0, 0, 0, 0, 0, 0),
(49, 1, 0, 0, 0, 0, 0, 0, 0, 0),
(49, 2, 0, 0, 0, 0, 0, 0, 0, 0),
(49, 3, 0, 0, 0, 0, 0, 0, 0, 0),
(49, 4, 0, 0, 0, 0, 0, 0, 0, 0),
(49, 5, 0, 0, 0, 0, 0, 0, 0, 0),
(49, 6, 0, 0, 0, 0, 0, 0, 0, 0),
(49, 7, 0, 0, 0, 0, 0, 0, 0, 0),
(49, 8, 0, 0, 0, 0, 0, 0, 0, 0),
(49, 9, 0, 0, 0, 0, 0, 0, 0, 0),
(49, 10, 0, 0, 0, 0, 0, 0, 0, 0),
(50, 1, 0, 0, 0, 0, 0, 0, 0, 0),
(50, 2, 0, 0, 0, 0, 0, 0, 0, 0),
(50, 3, 0, 0, 0, 0, 0, 0, 0, 0),
(50, 4, 0, 0, 0, 0, 0, 0, 0, 0),
(50, 5, 0, 0, 0, 0, 0, 0, 0, 0),
(50, 6, 0, 0, 0, 0, 0, 0, 0, 0),
(50, 7, 0, 0, 0, 0, 0, 0, 0, 0),
(50, 8, 0, 0, 0, 0, 0, 0, 0, 0),
(50, 9, 0, 0, 0, 0, 0, 0, 0, 0),
(50, 10, 0, 0, 0, 0, 0, 0, 0, 0),
(51, 1, 16, 8, 1, 8, 5, 0, 2900000, 3500000),
(51, 2, 0, 0, 0, 0, 0, 0, 0, 0),
(51, 3, 0, 0, 0, 0, 0, 0, 0, 0),
(51, 4, 0, 0, 0, 0, 0, 0, 0, 0),
(51, 5, 0, 0, 0, 0, 0, 0, 0, 0),
(51, 6, 0, 0, 0, 0, 0, 0, 0, 0),
(51, 7, 0, 0, 0, 0, 0, 0, 0, 0),
(51, 8, 0, 0, 0, 0, 0, 0, 0, 0),
(51, 9, 0, 0, 0, 0, 0, 0, 0, 0),
(51, 10, 0, 0, 0, 0, 0, 0, 0, 0),
(52, 1, 0, 0, 0, 0, 0, 0, 0, 0),
(52, 2, 0, 0, 0, 0, 0, 0, 0, 0),
(52, 3, 0, 0, 0, 0, 0, 0, 0, 0),
(52, 4, 0, 0, 0, 0, 0, 0, 0, 0),
(52, 5, 0, 0, 0, 0, 0, 0, 0, 0),
(52, 6, 0, 0, 0, 0, 0, 0, 0, 0),
(52, 7, 0, 0, 0, 0, 0, 0, 0, 0),
(52, 8, 0, 0, 0, 0, 0, 0, 0, 0),
(52, 9, 458, 302, 0, 156, 0, 0, 2400000, 12000000),
(52, 10, 0, 0, 0, 0, 0, 0, 0, 0),
(53, 1, 0, 0, 0, 0, 0, 0, 0, 0),
(53, 2, 0, 0, 0, 0, 0, 0, 0, 0),
(53, 3, 0, 0, 0, 0, 0, 0, 0, 0),
(53, 4, 0, 0, 0, 0, 0, 0, 0, 0),
(53, 5, 0, 0, 0, 0, 0, 0, 0, 0),
(53, 6, 0, 0, 0, 0, 0, 0, 0, 0),
(53, 7, 0, 0, 0, 0, 0, 0, 0, 0),
(53, 8, 0, 0, 0, 0, 0, 0, 0, 0),
(53, 9, 0, 0, 0, 0, 0, 0, 0, 0),
(53, 10, 0, 0, 0, 0, 0, 0, 0, 0),
(54, 1, 0, 0, 0, 0, 0, 0, 0, 0),
(54, 2, 0, 0, 0, 0, 0, 0, 0, 0),
(54, 3, 0, 0, 0, 0, 0, 0, 0, 0),
(54, 4, 0, 0, 0, 0, 0, 0, 0, 0),
(54, 5, 7, 0, 1, 0, 0, 0, 3590000, 3590000),
(54, 6, 7, 1, 1, 1, 14, 0, 4390000, 5390000),
(54, 7, 0, 0, 0, 0, 0, 0, 0, 0),
(54, 8, 0, 0, 0, 0, 0, 0, 0, 0),
(54, 9, 0, 0, 0, 0, 0, 0, 0, 0),
(54, 10, 0, 0, 0, 0, 0, 0, 0, 0),
(55, 1, 0, 0, 0, 0, 0, 0, 0, 0),
(55, 2, 0, 0, 0, 0, 0, 0, 0, 0),
(55, 3, 0, 0, 0, 0, 0, 0, 0, 0),
(55, 4, 0, 0, 0, 0, 0, 0, 0, 0),
(55, 5, 0, 0, 0, 0, 0, 0, 0, 0),
(55, 6, 8, 4, 0, 4, 0, 0, 6990000, 7490000),
(55, 7, 0, 0, 0, 0, 0, 0, 0, 0),
(55, 8, 0, 0, 0, 0, 0, 0, 0, 0),
(55, 9, 0, 0, 0, 0, 0, 0, 0, 0),
(55, 10, 0, 0, 0, 0, 0, 0, 0, 0),
(56, 1, 0, 0, 0, 0, 0, 0, 0, 0),
(56, 2, 40, 0, 0, 0, 0, 0, 4900000, 7800000),
(56, 3, 0, 0, 0, 0, 0, 0, 0, 0),
(56, 4, 0, 0, 0, 0, 0, 0, 0, 0),
(56, 5, 0, 0, 0, 0, 0, 0, 0, 0),
(56, 6, 0, 0, 0, 0, 0, 0, 0, 0),
(56, 7, 0, 0, 0, 0, 0, 0, 0, 0),
(56, 8, 0, 0, 0, 0, 0, 0, 0, 0),
(56, 9, 0, 0, 0, 0, 0, 0, 0, 0),
(56, 10, 0, 0, 0, 0, 0, 0, 0, 0),
(57, 1, 0, 0, 0, 0, 0, 0, 0, 0),
(57, 2, 0, 0, 0, 0, 0, 0, 0, 0),
(57, 3, 0, 0, 0, 0, 0, 0, 0, 0),
(57, 4, 0, 0, 0, 0, 0, 0, 7390000, 7390000),
(57, 5, 0, 0, 0, 0, 0, 0, 0, 0),
(57, 6, 0, 0, 0, 0, 0, 0, 0, 0),
(57, 7, 0, 0, 0, 0, 0, 0, 0, 0),
(57, 8, 0, 0, 0, 0, 0, 0, 0, 0),
(57, 9, 0, 0, 0, 0, 0, 0, 0, 0),
(57, 10, 0, 0, 0, 0, 0, 0, 0, 0),
(58, 1, 0, 0, 0, 0, 0, 0, 0, 0),
(58, 2, 7, 4, 0, 3, 6, 0, 18000000, 26000000),
(58, 3, 0, 0, 0, 0, 0, 0, 0, 0),
(58, 4, 0, 0, 0, 0, 0, 0, 0, 0),
(58, 5, 0, 0, 0, 0, 0, 0, 0, 0),
(58, 6, 0, 0, 0, 0, 0, 0, 0, 0),
(58, 7, 0, 0, 0, 0, 0, 0, 0, 0),
(58, 8, 0, 0, 0, 0, 0, 0, 0, 0),
(58, 9, 0, 0, 0, 0, 0, 0, 0, 0),
(58, 10, 0, 0, 0, 0, 0, 0, 0, 0),
(59, 1, 0, 0, 0, 0, 0, 0, 0, 0),
(59, 2, 2, 2, 0, 0, 12, 0, 6900000, 8000000),
(59, 3, 0, 0, 0, 0, 0, 0, 0, 0),
(59, 4, 0, 0, 0, 0, 0, 0, 0, 0),
(59, 5, 0, 0, 0, 0, 0, 0, 0, 0),
(59, 6, 0, 0, 0, 0, 0, 0, 0, 0),
(59, 7, 0, 0, 0, 0, 0, 0, 0, 0),
(59, 8, 0, 0, 0, 0, 0, 0, 0, 0),
(59, 9, 0, 0, 0, 0, 0, 0, 0, 0),
(59, 10, 0, 0, 0, 0, 0, 0, 0, 0),
(60, 1, 0, 0, 0, 0, 0, 0, 0, 0),
(60, 2, 0, 0, 0, 0, 0, 0, 0, 0),
(60, 3, 0, 0, 0, 0, 0, 0, 0, 0),
(60, 4, 0, 0, 0, 0, 0, 0, 0, 0),
(60, 5, 0, 0, 0, 0, 0, 0, 0, 0),
(60, 6, 0, 0, 0, 0, 0, 0, 0, 0),
(60, 7, 0, 0, 0, 0, 0, 0, 0, 0),
(60, 8, 0, 0, 0, 0, 0, 0, 0, 0),
(60, 9, 98, 76, 0, 22, 0, 0, 2900000, 6800000),
(60, 10, 0, 0, 0, 0, 0, 0, 0, 0),
(61, 1, 0, 0, 0, 0, 0, 0, 0, 0),
(61, 2, 90, 20, 3, 0, 0, 15, 0, 0),
(61, 3, 0, 0, 0, 0, 0, 0, 0, 0),
(61, 4, 0, 0, 0, 0, 0, 0, 0, 0),
(61, 5, 0, 0, 0, 0, 0, 0, 0, 0),
(61, 6, 10, 0, 0, 0, 0, 0, 0, 0),
(61, 7, 0, 0, 0, 0, 0, 0, 0, 0),
(61, 8, 0, 0, 0, 0, 0, 0, 0, 0),
(61, 9, 0, 0, 0, 0, 0, 0, 0, 0),
(61, 10, 0, 0, 0, 0, 0, 0, 0, 0),
(62, 1, 0, 0, 0, 0, 0, 0, 0, 0),
(62, 2, 0, 0, 0, 0, 0, 0, 0, 0),
(62, 3, 0, 0, 0, 0, 0, 0, 0, 0),
(62, 4, 0, 0, 0, 0, 0, 0, 0, 0),
(62, 5, 10, 2, 1, 0, 0, 5, 0, 0),
(62, 6, 0, 0, 0, 0, 0, 0, 0, 0),
(62, 7, 0, 0, 0, 0, 0, 0, 0, 0),
(62, 8, 6, 2, 1, 4, 12, 0, 0, 0),
(62, 9, 0, 0, 0, 0, 0, 0, 0, 0),
(62, 10, 0, 0, 0, 0, 0, 0, 0, 0),
(63, 1, 0, 0, 0, 0, 0, 0, 0, 0),
(63, 2, 25, 25, 0, 0, 0, 0, 3800000, 4500000),
(63, 3, 0, 0, 0, 0, 0, 0, 0, 0),
(63, 4, 0, 0, 0, 0, 0, 0, 0, 0),
(63, 5, 0, 0, 0, 0, 0, 0, 0, 0),
(63, 6, 0, 0, 0, 0, 0, 0, 0, 0),
(63, 7, 0, 0, 0, 0, 0, 0, 0, 0),
(63, 8, 0, 0, 0, 0, 0, 0, 0, 0),
(63, 9, 0, 0, 0, 0, 0, 0, 0, 0),
(63, 10, 0, 0, 0, 0, 0, 0, 0, 0),
(64, 1, 0, 0, 0, 0, 0, 0, 0, 0),
(64, 2, 23, 0, 0, 23, 0, 0, 15900000, 15900000),
(64, 3, 0, 0, 0, 0, 0, 0, 0, 0),
(64, 4, 0, 0, 0, 0, 0, 0, 0, 0),
(64, 5, 0, 0, 0, 0, 0, 0, 0, 0),
(64, 6, 0, 0, 0, 0, 0, 0, 0, 0),
(64, 7, 0, 0, 0, 0, 0, 0, 0, 0),
(64, 8, 0, 0, 0, 0, 0, 0, 0, 0),
(64, 9, 0, 0, 0, 0, 0, 0, 0, 0),
(64, 10, 0, 0, 0, 0, 0, 0, 0, 0),
(65, 1, 0, 0, 0, 0, 0, 0, 0, 0),
(65, 2, 0, 0, 0, 0, 0, 0, 0, 0),
(65, 3, 0, 0, 0, 0, 0, 0, 0, 0),
(65, 4, 0, 0, 0, 0, 0, 0, 0, 0),
(65, 5, 0, 0, 0, 0, 0, 0, 0, 0),
(65, 6, 0, 0, 0, 0, 0, 0, 0, 0),
(65, 7, 0, 0, 0, 0, 0, 0, 0, 0),
(65, 8, 0, 0, 0, 0, 0, 0, 0, 0),
(65, 9, 293, 159, 1, 134, 6, 0, 1950000, 8000000),
(65, 10, 0, 0, 0, 0, 0, 0, 0, 0),
(66, 1, 0, 0, 0, 0, 0, 0, 0, 0),
(66, 2, 0, 0, 0, 0, 0, 0, 0, 0),
(66, 3, 0, 0, 0, 0, 0, 0, 0, 0),
(66, 4, 0, 0, 0, 0, 0, 0, 0, 0),
(66, 5, 0, 0, 0, 0, 0, 0, 0, 0),
(66, 6, 0, 0, 0, 0, 0, 0, 0, 0),
(66, 7, 0, 0, 0, 0, 0, 0, 0, 0),
(66, 8, 0, 0, 0, 0, 0, 0, 0, 0),
(66, 9, 79, 69, 10, 0, 0, 0, 1490000, 2790000),
(66, 10, 0, 0, 0, 0, 0, 0, 0, 0),
(67, 1, 0, 0, 0, 0, 0, 0, 0, 0),
(67, 2, 6, 3, 1, 3, 0, 0, 4200000, 4500000),
(67, 3, 0, 0, 0, 0, 0, 0, 0, 0),
(67, 4, 0, 0, 0, 0, 0, 0, 0, 0),
(67, 5, 0, 0, 0, 0, 0, 0, 0, 0),
(67, 6, 0, 0, 0, 0, 0, 0, 0, 0),
(67, 7, 0, 0, 0, 0, 0, 0, 0, 0),
(67, 8, 0, 0, 0, 0, 0, 0, 0, 0),
(67, 9, 0, 0, 0, 0, 0, 0, 0, 0),
(67, 10, 0, 0, 0, 0, 0, 0, 0, 0),
(68, 1, 0, 0, 0, 0, 0, 0, 0, 0),
(68, 2, 0, 0, 0, 0, 0, 0, 0, 0),
(68, 3, 0, 0, 0, 0, 0, 0, 0, 0),
(68, 4, 0, 0, 0, 0, 0, 0, 0, 0),
(68, 5, 0, 0, 0, 0, 0, 0, 0, 0),
(68, 6, 0, 0, 0, 0, 0, 0, 0, 0),
(68, 7, 0, 0, 0, 0, 0, 0, 0, 0),
(68, 8, 0, 0, 0, 0, 0, 0, 0, 0),
(68, 9, 77, 58, 0, 19, 0, 0, 1400000, 2100000),
(68, 10, 0, 0, 0, 0, 0, 0, 0, 0),
(69, 1, 0, 0, 0, 0, 0, 0, 0, 0),
(69, 2, 18, 11, 1, 7, 0, 0, 4904000, 6158000),
(69, 3, 0, 0, 0, 0, 0, 0, 0, 0),
(69, 4, 30, 16, 1, 14, 0, 0, 3995000, 4253500),
(69, 5, 0, 0, 0, 0, 0, 0, 0, 0),
(69, 6, 0, 0, 0, 0, 0, 0, 0, 0),
(69, 7, 0, 0, 0, 0, 0, 0, 0, 0),
(69, 8, 0, 0, 0, 0, 0, 0, 0, 0),
(69, 9, 0, 0, 0, 0, 0, 0, 0, 0),
(69, 10, 0, 0, 0, 0, 0, 0, 0, 0),
(70, 1, 0, 0, 0, 0, 0, 0, 0, 0),
(70, 2, 0, 0, 0, 0, 0, 0, 0, 0),
(70, 3, 0, 0, 0, 0, 0, 0, 0, 0),
(70, 4, 0, 0, 0, 0, 0, 0, 0, 0),
(70, 5, 0, 0, 0, 0, 0, 0, 0, 0),
(70, 6, 0, 0, 0, 0, 0, 0, 0, 0),
(70, 7, 0, 0, 0, 0, 0, 0, 0, 0),
(70, 8, 6, 3, 1, 0, 0, 0, 8400000, 8800000),
(70, 9, 0, 0, 0, 0, 0, 0, 0, 0),
(70, 10, 0, 0, 0, 0, 0, 0, 0, 0),
(71, 1, 0, 0, 0, 0, 0, 0, 0, 0),
(71, 2, 0, 0, 0, 0, 0, 0, 0, 0),
(71, 3, 0, 0, 0, 0, 0, 0, 0, 0),
(71, 4, 0, 0, 0, 0, 0, 0, 0, 0),
(71, 5, 0, 0, 0, 0, 0, 0, 0, 0),
(71, 6, 0, 0, 0, 0, 0, 0, 0, 0),
(71, 7, 0, 0, 0, 0, 0, 0, 0, 0),
(71, 8, 0, 0, 0, 0, 0, 0, 0, 0),
(71, 9, 296, 296, 296, 0, 0, 0, 1490000, 3500000),
(71, 10, 0, 0, 0, 0, 0, 0, 0, 0),
(72, 1, 0, 0, 0, 0, 0, 0, 0, 0),
(72, 2, 0, 0, 0, 0, 0, 0, 0, 0),
(72, 3, 0, 0, 0, 0, 0, 0, 0, 0),
(72, 4, 0, 0, 0, 0, 0, 0, 0, 0),
(72, 5, 0, 0, 0, 0, 0, 0, 0, 0),
(72, 6, 0, 0, 0, 0, 0, 0, 0, 0),
(72, 7, 0, 0, 0, 0, 0, 0, 0, 0),
(72, 8, 0, 0, 0, 0, 0, 0, 0, 0),
(72, 9, 582, 575, 10, 7, 1, 0, 1590000, 4670000),
(72, 10, 0, 0, 0, 0, 0, 0, 0, 0),
(73, 1, 0, 0, 0, 0, 0, 0, 0, 0),
(73, 2, 0, 0, 0, 0, 0, 0, 0, 0),
(73, 3, 0, 0, 0, 0, 0, 0, 0, 0),
(73, 4, 0, 0, 0, 0, 0, 0, 0, 0),
(73, 5, 0, 0, 0, 0, 0, 0, 0, 0),
(73, 6, 29, 28, 2, 1, 6, 0, 3900000, 7400000),
(73, 7, 0, 0, 0, 0, 0, 0, 0, 0),
(73, 8, 0, 0, 0, 0, 0, 0, 0, 0),
(73, 9, 0, 0, 0, 0, 0, 0, 0, 0),
(73, 10, 0, 0, 0, 0, 0, 0, 0, 0),
(74, 1, 0, 0, 0, 0, 0, 0, 0, 0),
(74, 2, 0, 0, 0, 0, 0, 0, 0, 0),
(74, 3, 0, 0, 0, 0, 0, 0, 0, 0),
(74, 4, 0, 0, 0, 0, 0, 0, 0, 0),
(74, 5, 0, 0, 0, 0, 0, 0, 0, 0),
(74, 6, 0, 0, 0, 0, 0, 0, 0, 0),
(74, 7, 0, 0, 0, 0, 0, 0, 0, 0),
(74, 8, 0, 0, 0, 0, 0, 0, 0, 0),
(74, 9, 0, 0, 0, 0, 0, 0, 0, 0),
(74, 10, 0, 0, 0, 0, 0, 0, 0, 0),
(75, 1, 0, 0, 0, 0, 0, 0, 0, 0),
(75, 2, 0, 0, 0, 0, 0, 0, 0, 0),
(75, 3, 0, 0, 0, 0, 0, 0, 0, 0),
(75, 4, 0, 0, 0, 0, 0, 0, 0, 0),
(75, 5, 0, 0, 0, 0, 0, 0, 0, 0),
(75, 6, 0, 0, 0, 0, 0, 0, 0, 0),
(75, 7, 0, 0, 0, 0, 0, 0, 0, 0),
(75, 8, 0, 0, 0, 0, 0, 0, 0, 0),
(75, 9, 0, 0, 0, 0, 0, 0, 0, 0),
(75, 10, 0, 0, 0, 0, 0, 0, 0, 0),
(76, 1, 0, 0, 0, 0, 0, 0, 0, 0),
(76, 2, 0, 0, 0, 0, 0, 0, 0, 0),
(76, 3, 0, 0, 0, 0, 0, 0, 0, 0),
(76, 4, 0, 0, 0, 0, 0, 0, 0, 0),
(76, 5, 0, 0, 0, 0, 0, 0, 0, 0),
(76, 6, 0, 0, 0, 0, 0, 0, 0, 0),
(76, 7, 0, 0, 0, 0, 0, 0, 0, 0),
(76, 8, 0, 0, 0, 0, 0, 0, 0, 0),
(76, 9, 0, 0, 0, 0, 0, 0, 0, 0),
(76, 10, 20, 17, 0, 15, 0, 8, 1990000, 22000000),
(77, 1, 19, 19, 0, 0, 0, 0, 3600000, 5200000),
(77, 2, 10, 6, 0, 4, 12, 0, 5900000, 6900000),
(77, 3, 0, 0, 0, 0, 0, 0, 0, 0),
(77, 4, 0, 0, 0, 0, 0, 0, 0, 0),
(77, 5, 24, 20, 0, 4, 12, 0, 2890000, 3690000),
(77, 6, 0, 0, 0, 0, 0, 0, 0, 0),
(77, 7, 20, 20, 0, 0, 0, 0, 3790000, 4000000),
(77, 8, 0, 0, 0, 0, 0, 0, 0, 0),
(77, 9, 0, 0, 0, 0, 0, 0, 0, 0),
(77, 10, 0, 0, 0, 0, 0, 0, 0, 0),
(78, 1, 0, 0, 0, 0, 0, 0, 0, 0),
(78, 2, 0, 0, 0, 0, 0, 0, 0, 0),
(78, 3, 0, 0, 0, 0, 0, 0, 0, 0),
(78, 4, 0, 0, 0, 0, 0, 0, 0, 0),
(78, 5, 0, 0, 0, 0, 0, 0, 0, 0),
(78, 6, 36, 36, 0, 0, 0, 0, 3900000, 4900000),
(78, 7, 0, 0, 0, 0, 0, 0, 0, 0),
(78, 8, 8, 8, 0, 0, 0, 0, 7300000, 7500000),
(78, 9, 0, 0, 0, 0, 0, 0, 0, 0),
(78, 10, 0, 0, 0, 0, 0, 0, 0, 0),
(79, 1, 0, 0, 0, 0, 0, 0, 0, 0),
(79, 2, 0, 0, 0, 0, 0, 0, 0, 0),
(79, 3, 0, 0, 0, 0, 0, 0, 0, 0),
(79, 4, 0, 0, 0, 0, 0, 0, 0, 0),
(79, 5, 32, 24, 0, 8, 0, 0, 4500000, 6980000),
(79, 6, 0, 0, 0, 0, 0, 0, 0, 0),
(79, 7, 11, 11, 0, 0, 0, 0, 7500000, 8580000),
(79, 8, 0, 0, 0, 0, 0, 0, 0, 0),
(79, 9, 0, 0, 0, 0, 0, 0, 0, 0),
(79, 10, 0, 0, 0, 0, 0, 0, 0, 0),
(80, 1, 2, 0, 0, 0, 0, 5, 3700000, 4200000),
(80, 2, 3, 1, 0, 2, 0, 16, 5900000, 7300000),
(80, 3, 4, 3, 0, 1, 0, 4, 2900000, 3500000),
(80, 4, 0, 0, 0, 0, 0, 0, 0, 0),
(80, 5, 0, 0, 0, 0, 0, 0, 0, 0),
(80, 6, 0, 0, 0, 0, 0, 0, 0, 0),
(80, 7, 0, 0, 0, 0, 0, 0, 0, 0),
(80, 8, 0, 0, 0, 0, 0, 0, 0, 0),
(80, 9, 0, 0, 0, 0, 0, 0, 0, 0),
(80, 10, 0, 0, 0, 0, 0, 0, 0, 0);

-- --------------------------------------------------------

--
-- Table structure for table `property_municipals`
--

CREATE TABLE `property_municipals` (
  `prop_municipal_id` int(11) NOT NULL,
  `prop_municipal_desc` varchar(100) CHARACTER SET utf8 COLLATE utf8_unicode_ci NOT NULL,
  `prop_municipal_status` tinyint(1) NOT NULL DEFAULT '1'
) ENGINE=InnoDB DEFAULT CHARSET=utf8mb4 COLLATE=utf8mb4_unicode_ci;

--
-- Dumping data for table `property_municipals`
--

INSERT INTO `property_municipals` (`prop_municipal_id`, `prop_municipal_desc`, `prop_municipal_status`) VALUES
(1, 'à¸«à¸²à¸”à¹ƒà¸«à¸à¹ˆ', 1),
(2, 'à¸„à¸­à¸«à¸‡à¸ªà¹Œ', 1),
(4, 'à¸šà¹‰à¸²à¸™à¸žà¸£à¸¸', 1),
(5, 'à¸„à¸§à¸™à¸¥à¸±à¸‡', 1),
(6, 'à¸„à¸¥à¸­à¸‡à¹à¸«', 1);

-- --------------------------------------------------------

--
-- Table structure for table `property_types`
--

CREATE TABLE `property_types` (
  `prop_type_id` int(11) NOT NULL,
  `prop_type_desc` varchar(100) COLLATE utf8_unicode_ci NOT NULL,
  `prop_type_status` tinyint(1) NOT NULL DEFAULT '1'
) ENGINE=InnoDB DEFAULT CHARSET=utf8 COLLATE=utf8_unicode_ci;

--
-- Dumping data for table `property_types`
--

INSERT INTO `property_types` (`prop_type_id`, `prop_type_desc`, `prop_type_status`) VALUES
(1, 'à¸šà¹‰à¸²à¸™à¹€à¸”à¸µà¹ˆà¸¢à¸§ 1 à¸Šà¸±à¹‰à¸™', 1),
(2, 'à¸šà¹‰à¸²à¸™à¹€à¸”à¸µà¹ˆà¸¢à¸§ 2 à¸Šà¸±à¹‰à¸™', 1),
(3, 'à¸šà¹‰à¸²à¸™à¹à¸à¸” 1 à¸Šà¸±à¹‰à¸™', 1),
(4, 'à¸šà¹‰à¸²à¸™à¹à¸à¸” 2 à¸Šà¸±à¹‰à¸™', 1),
(5, 'à¸—à¸²à¸§à¸™à¹Œà¹€à¸®à¸²à¸ªà¹Œ+à¸—à¸²à¸§à¸™à¹Œà¹‚à¸®à¸¡ 2 à¸Šà¸±à¹‰à¸™', 1),
(6, 'à¸—à¸²à¸§à¸™à¹Œà¹€à¸®à¸²à¸ªà¹Œ+à¸—à¸²à¸§à¸™à¹Œà¹‚à¸®à¸¡ à¸¡à¸²à¸à¸à¸§à¹ˆà¸² 2 à¸Šà¸±à¹‰à¸™', 1),
(7, 'à¸­à¸²à¸„à¸²à¸£à¸žà¸²à¸“à¸´à¸Šà¸¢à¹Œ 2 à¸Šà¸±à¹‰à¸™', 1),
(8, 'à¸­à¸²à¸„à¸²à¸£à¸žà¸²à¸“à¸´à¸Šà¸¢à¹Œ à¸¡à¸²à¸à¸à¸§à¹ˆà¸² 2 à¸Šà¸±à¹‰à¸™', 1),
(9, 'à¸„à¸­à¸™à¹‚à¸”à¸¡à¸´à¹€à¸™à¸µà¸¢à¸¡', 1),
(10, 'à¸­à¸·à¹ˆà¸™à¹†', 1);

-- --------------------------------------------------------

--
-- Table structure for table `tbl_admin`
--

CREATE TABLE `tbl_admin` (
  `email` varchar(50) COLLATE utf8_unicode_ci NOT NULL,
  `passwd` varchar(100) COLLATE utf8_unicode_ci NOT NULL,
  `name` varchar(100) COLLATE utf8_unicode_ci NOT NULL,
  `status` tinyint(1) NOT NULL DEFAULT '1'
) ENGINE=InnoDB DEFAULT CHARSET=utf8 COLLATE=utf8_unicode_ci;

--
-- Dumping data for table `tbl_admin`
--

INSERT INTO `tbl_admin` (`email`, `passwd`, `name`, `status`) VALUES
('psu.songkhlarea@gmail.com', '25d55ad283aa400af464c76d713c07ad', 'Songkhla REA', 1);

--
-- Indexes for dumped tables
--

--
-- Indexes for table `properties`
--
ALTER TABLE `properties`
  ADD PRIMARY KEY (`prop_id`);

--
-- Indexes for table `property_details`
--
ALTER TABLE `property_details`
  ADD KEY `prop_id` (`prop_id`),
  ADD KEY `prop_type_id` (`prop_type_id`);

--
-- Indexes for table `property_municipals`
--
ALTER TABLE `property_municipals`
  ADD PRIMARY KEY (`prop_municipal_id`);

--
-- Indexes for table `property_types`
--
ALTER TABLE `property_types`
  ADD PRIMARY KEY (`prop_type_id`);

--
-- Indexes for table `tbl_admin`
--
ALTER TABLE `tbl_admin`
  ADD PRIMARY KEY (`email`);

--
-- AUTO_INCREMENT for dumped tables
--

--
-- AUTO_INCREMENT for table `properties`
--
ALTER TABLE `properties`
  MODIFY `prop_id` int(11) NOT NULL AUTO_INCREMENT, AUTO_INCREMENT=81;
--
-- AUTO_INCREMENT for table `property_municipals`
--
ALTER TABLE `property_municipals`
  MODIFY `prop_municipal_id` int(11) NOT NULL AUTO_INCREMENT, AUTO_INCREMENT=7;
--
-- AUTO_INCREMENT for table `property_types`
--
ALTER TABLE `property_types`
  MODIFY `prop_type_id` int(11) NOT NULL AUTO_INCREMENT, AUTO_INCREMENT=11;
  --
  -- Constraints for dumped tables
  --

  --
  -- Constraints for table `property_details`
  --
  ALTER TABLE `property_details`
    ADD CONSTRAINT `property_details_ibfk_1` FOREIGN KEY (`prop_id`) REFERENCES `properties` (`prop_id`),
    ADD CONSTRAINT `property_details_ibfk_2` FOREIGN KEY (`prop_type_id`) REFERENCES `property_types` (`prop_type_id`);

/*!40101 SET CHARACTER_SET_CLIENT=@OLD_CHARACTER_SET_CLIENT */;
/*!40101 SET CHARACTER_SET_RESULTS=@OLD_CHARACTER_SET_RESULTS */;
/*!40101 SET COLLATION_CONNECTION=@OLD_COLLATION_CONNECTION */;
